batch_id,ts,prob,pred,threshold,confidence,signal_strength,direction,agent_A_prob,agent_B_prob,agent_C_prob,agent_K_prob,agent_T_prob,agent_Q_prob,agent_2D_prob,gate_A,gate_B,gate_C,gate_K,gate_T,gate_Q,gate_2D,quality_score,feature_completeness,warmup_fraction,latency_ms,stage1_missing_count,stage2_failed_agents,suppressed,reason,vix_level,spot_price,agent_std,consensus_ratio,conf_agreement,conf_consensus,conf_gate_conviction,conf_data_quality
1,2026-03-26 13:31:27,0.5,0,0.36,0.0,0.0,SUPPRESSED,0.5,0.5,0.5,0.5,0.5,0.5,0.5,0.0,0.0,0.0,0.0,0.0,0.0,0.0,0.4388,0.584,0.1,580.15,0,,True,warmup_2_of_20,26.94,6544.79,0.0,0.0,0.0,0.0,0.0,0.0
2,2026-03-26 13:32:48,0.5,0,0.36,0.0,0.0,SUPPRESSED,0.5,0.5,0.5,0.5,0.5,0.5,0.5,0.0,0.0,0.0,0.0,0.0,0.0,0.0,0.4555,0.5865,0.15,469.26,0,,True,warmup_3_of_20,26.84,6541.36,0.0,0.0,0.0,0.0,0.0,0.0
3,2026-03-26 13:34:18,0.5,0,0.36,0.0,0.0,SUPPRESSED,0.5,0.5,0.5,0.5,0.5,0.5,0.5,0.0,0.0,0.0,0.0,0.0,0.0,0.0,0.4697,0.5852,0.2,479.55,0,,True,warmup_4_of_20,27.16,6539.52,0.0,0.0,0.0,0.0,0.0,0.0
4,2026-03-26 13:35:49,0.5,0,0.36,0.0,0.0,SUPPRESSED,0.5,0.5,0.5,0.5,0.5,0.5,0.5,0.0,0.0,0.0,0.0,0.0,0.0,0.0,0.4872,0.5889,0.25,484.98,0,,True,warmup_5_of_20,27.09,6538.65,0.0,0.0,0.0,0.0,0.0,0.0
5,2026-03-26 13:36:30,0.5,0,0.36,0.0,0.0,SUPPRESSED,0.5,0.5,0.5,0.5,0.5,0.5,0.5,0.0,0.0,0.0,0.0,0.0,0.0,0.0,0.5001,0.5858,0.3,484.22,0,,True,warmup_6_of_20,27.21,6537.76,0.0,0.0,0.0,0.0,0.0,0.0
6,2026-03-26 13:37:01,0.390266,1,0.36,0.517715,0.517715,BULL,0.324561,0.441645,0.207661,0.696265,0.547448,0.571192,0.291279,1.0,1.0,1.0,0.999968,1.0,1.0,0.0,0.5147,0.5852,0.35,1411.38,0,,False,,27.2,6538.24,0.162065,0.4286,0.537,0.0,1.0,0.5147
7,2026-03-26 13:37:32,0.392084,1,0.36,0.516394,0.516394,BULL,0.319688,0.441568,0.208149,0.700781,0.547161,0.582379,0.284462,1.0,1.0,1.0,0.999968,0.999999,1.0,0.0,0.5288,0.584,0.4,568.05,0,,False,,27.12,6539.93,0.165695,0.4286,0.5266,0.0,1.0,0.5288
8,2026-03-26 13:38:03,0.389962,1,0.36,0.519889,0.519889,BULL,0.317083,0.441519,0.208735,0.697258,0.54698,0.58239,0.281214,1.0,1.0,1.0,0.999968,0.999999,1.0,0.0,0.5451,0.5858,0.45,518.63,0,,False,,27.12,6541.5,0.165489,0.4286,0.5272,0.0,1.0,0.5451
9,2026-03-26 13:38:43,0.387326,1,0.36,0.525844,0.525844,BULL,0.319889,0.441579,0.209081,0.688459,0.547204,0.584362,0.286937,1.0,1.0,1.0,0.999969,1.0,1.0,0.0,0.5588,0.584,0.5,512.45,0,,False,,27.26,6540.01,0.162676,0.4286,0.5352,0.0,1.0,0.5588
10,2026-03-26 13:39:14,0.38819,1,0.36,0.524808,0.524808,BULL,0.311603,0.441373,0.211463,0.696164,0.546441,0.580536,0.272089,1.0,1.0,1.0,0.999969,1.0,1.0,0.0,0.5742,0.5846,0.55,530.3,0,,False,,27.28,6539.45,0.166284,0.4286,0.5249,0.0,1.0,0.5742
11,2026-03-26 13:39:45,0.390207,1,0.36,0.52751,0.52751,BULL,0.312813,0.44142,0.211833,0.698722,0.546614,0.584509,0.275389,1.0,1.0,1.0,0.999969,1.0,1.0,0.0,0.5901,0.5858,0.6,518.12,0,,False,,27.3,6538.13,0.166695,0.4286,0.5237,0.0,1.0,0.5901
12,2026-03-26 13:40:25,0.388577,1,0.36,0.530914,0.530914,BULL,0.309739,0.44131,0.21417,0.697618,0.546207,0.578231,0.269591,1.0,1.0,1.0,0.999969,1.0,1.0,0.0,0.6051,0.5858,0.65,524.76,0,,False,,27.5,6533.65,0.166341,0.4286,0.5247,0.0,1.0,0.6051
13,2026-03-26 13:40:56,0.389502,1,0.36,0.535202,0.535202,BULL,0.313148,0.441441,0.213707,0.696033,0.546693,0.583358,0.277861,1.0,1.0,1.0,0.999969,1.0,1.0,0.0,0.6201,0.5858,0.7,514.36,0,,False,,27.34,6536.2,0.165214,0.4286,0.528,0.0,1.0,0.6201
14,2026-03-26 13:41:27,0.390466,1,0.36,0.536229,0.536229,BULL,0.308687,0.441275,0.217163,0.699896,0.546077,0.584096,0.268668,1.0,1.0,1.0,0.999969,1.0,1.0,0.0,0.6368,0.5883,0.75,509.55,0,,False,,27.37,6537.33,0.167242,0.4286,0.5222,0.0,1.0,0.6368
15,2026-03-26 13:42:08,0.381184,1,0.36,0.547728,0.547728,BULL,0.309888,0.441339,0.217729,0.684043,0.546316,0.554236,0.272385,1.0,1.0,1.0,0.999968,0.999999,1.0,0.0,0.6497,0.5852,0.8,499.65,0,,False,,27.27,6538.6,0.159429,0.4286,0.5445,0.0,1.0,0.6497
16,2026-03-26 13:42:38,0.389271,1,0.36,0.543612,0.543612,BULL,0.308361,0.441273,0.220347,0.695867,0.54607,0.583734,0.269212,1.0,1.0,1.0,0.999967,0.999999,1.0,0.0,0.6647,0.5852,0.85,526.13,0,,False,,27.25,6538.86,0.165655,0.4286,0.5267,0.0,1.0,0.6647
17,2026-03-26 13:43:09,0.388051,1,0.36,0.552229,0.552229,BULL,0.312839,0.441454,0.21972,0.696585,0.546741,0.554492,0.28053,1.0,1.0,1.0,0.999966,0.999999,1.0,0.0,0.6784,0.5834,0.9,552.08,0,,False,,27.13,6542.55,0.160515,0.4286,0.5414,0.0,1.0,0.6784
18,2026-03-26 13:43:50,0.386591,1,0.36,0.552783,0.552783,BULL,0.307304,0.441228,0.224492,0.689807,0.545905,0.578068,0.268003,1.0,1.0,1.0,0.999965,0.999999,1.0,0.0,0.696,0.5871,0.95,525.46,0,,False,,26.96,6544.41,0.163107,0.4286,0.534,0.0,1.0,0.696
19,2026-03-26 13:44:20,0.386634,1,0.36,0.558441,0.558441,BULL,0.30904,0.441324,0.224596,0.694161,0.546258,0.554201,0.271633,1.0,1.0,1.0,0.999966,0.999999,1.0,0.0,0.7101,0.5858,1.0,521.91,0,,False,,26.97,6549.62,0.16063,0.4286,0.5411,0.0,1.0,0.7101
20,2026-03-26 13:45:01,0.383555,1,0.36,0.560886,0.560886,BULL,0.307587,0.441251,0.226564,0.686831,0.54599,0.554037,0.272026,1.0,1.0,1.0,0.999966,0.999999,1.0,0.0,0.711,0.5871,1.0,539.01,0,,False,,26.88,6550.61,0.158641,0.4286,0.5467,0.0,1.0,0.711
21,2026-03-26 13:45:32,0.264431,0,0.36,0.653312,-0.653312,BEAR,0.31103,0.441406,0.224215,0.384152,0.546562,0.578421,0.280457,1.0,1.0,1.0,0.999965,0.999999,1.0,0.0,0.7105,0.5865,1.0,762.33,0,,False,,26.7,6555.64,0.124341,0.7143,0.6447,0.4286,0.838,0.7105
22,2026-03-26 13:46:03,0.390643,1,0.36,0.554209,0.554209,BULL,0.306677,0.441192,0.227232,0.698142,0.545771,0.577995,0.269263,1.0,1.0,1.0,0.999965,0.999999,1.0,0.0,0.7101,0.5858,1.0,609.07,0,,False,,26.61,6561.62,0.164334,0.4286,0.5305,0.0,1.0,0.7101
23,2026-03-26 13:46:33,0.390012,1,0.36,0.55597,0.55597,BULL,0.309551,0.441349,0.224796,0.695277,0.54635,0.578308,0.276969,1.0,1.0,1.0,0.999966,0.999999,1.0,0.0,0.7101,0.5858,1.0,526.48,0,,False,,26.65,6558.63,0.162792,0.4286,0.5349,0.0,1.0,0.7101
24,2026-03-26 13:47:14,0.388132,1,0.36,0.55805,0.55805,BULL,0.307959,0.441272,0.22583,0.697464,0.546068,0.554085,0.273073,1.0,1.0,1.0,0.999966,0.999999,1.0,0.0,0.7105,0.5865,1.0,518.76,0,,False,,26.68,6559.44,0.161048,0.4286,0.5399,0.0,1.0,0.7105
25,2026-03-26 13:47:45,0.386389,1,0.36,0.556859,0.556859,BULL,0.308424,0.441296,0.225217,0.686965,0.546157,0.581016,0.27415,1.0,1.0,1.0,0.999966,0.999999,1.0,0.0,0.7084,0.5834,1.0,513.18,0,,False,,26.65,6557.4,0.161713,0.4286,0.538,0.0,1.0,0.7084
26,2026-03-26 13:48:15,0.371395,1,0.36,0.567753,0.567753,BULL,0.308669,0.441308,0.224873,0.658148,0.546199,0.554165,0.274899,1.0,1.0,1.0,0.999965,0.999999,1.0,0.0,0.7079,0.5828,1.0,550.29,0,,False,,26.45,6560.9,0.152106,0.4286,0.5654,0.0,1.0,0.7079
27,2026-03-26 13:48:46,0.385942,1,0.36,0.560375,0.560375,BULL,0.310852,0.441398,0.223522,0.691054,0.546534,0.554368,0.279868,1.0,1.0,1.0,0.999965,0.999999,1.0,0.0,0.7092,0.5846,1.0,522.53,0,,False,,26.51,6565.31,0.158787,0.4286,0.5463,0.0,1.0,0.7092
28,2026-03-26 13:49:16,0.386895,1,0.36,0.559453,0.559453,BULL,0.309816,0.441358,0.223801,0.693965,0.546385,0.554277,0.27757,1.0,1.0,1.0,0.999966,0.999999,1.0,0.0,0.7105,0.5865,1.0,533.18,0,,False,,26.56,6562.34,0.15982,0.4286,0.5434,0.0,1.0,0.7105
29,2026-03-26 13:49:57,0.385928,1,0.36,0.560861,0.560861,BULL,0.315246,0.441523,0.221698,0.682844,0.546997,0.578652,0.288833,1.0,1.0,1.0,0.999966,0.999999,1.0,0.0,0.7097,0.5852,1.0,525.29,0,,False,,26.64,6559.78,0.158437,0.4286,0.5473,0.0,1.0,0.7097
30,2026-03-26 13:50:28,0.38817,1,0.36,0.567946,0.567946,BULL,0.327303,0.441721,0.22088,0.685497,0.54773,0.555068,0.310634,1.0,1.0,1.0,0.999966,0.999999,1.0,0.0,0.7105,0.5865,1.0,524.92,0,,False,,26.63,6559.83,0.152389,0.4286,0.5646,0.0,1.0,0.7105
31,2026-03-26 13:50:59,0.244465,0,0.36,0.668147,-0.668147,BEAR,0.317629,0.441575,0.220896,0.296891,0.547187,0.578752,0.293363,1.0,1.0,1.0,0.999967,0.999999,1.0,0.0,0.7114,0.5877,1.0,521.94,0,,False,,26.69,6561.38,0.127992,0.7143,0.6343,0.4286,0.9322,0.7114
32,2026-03-26 13:51:29,0.331367,0,0.36,0.609309,-0.609309,BEAR,0.318241,0.441586,0.220461,0.533962,0.547229,0.584796,0.294869,1.0,1.0,1.0,0.999966,0.999999,1.0,0.0,0.7092,0.5846,1.0,536.84,0,,False,,26.55,6561.67,0.132356,0.5714,0.6218,0.1429,0.9508,0.7092
33,2026-03-26 13:52:00,0.341198,0,0.36,0.6098,-0.6098,BEAR,0.313622,0.441482,0.221042,0.583449,0.546843,0.554553,0.285428,1.0,1.0,1.0,0.999966,0.999999,1.0,0.0,0.7097,0.5852,1.0,758.32,0,,False,,26.49,6564.98,0.136474,0.5714,0.6101,0.1429,0.9763,0.7097
34,2026-03-26 13:52:41,0.362344,1,0.36,0.576286,0.576286,BULL,0.320172,0.44162,0.220094,0.62444,0.547355,0.57884,0.298548,1.0,1.0,1.0,0.999965,0.999999,1.0,0.0,0.7101,0.5858,1.0,555.05,0,,False,,26.44,6567.08,0.145016,0.4286,0.5857,0.0,1.0,0.7101
35,2026-03-26 13:53:12,0.387183,1,0.36,0.564242,0.564242,BULL,0.323327,0.441668,0.219898,0.68081,0.547534,0.578933,0.303387,1.0,1.0,1.0,0.999966,0.999999,1.0,0.0,0.7105,0.5865,1.0,562.26,0,,False,,26.52,6565.42,0.15563,0.4286,0.5553,0.0,1.0,0.7105
36,2026-03-26 13:53:42,0.206301,0,0.36,0.762866,-0.762866,BEAR,0.325256,0.441695,0.219803,0.29235,0.547632,0.371019,0.307203,1.0,1.0,1.0,0.999966,0.999999,1.0,0.0,0.7084,0.5834,1.0,536.45,0,,False,,26.52,6564.08,0.10014,0.8571,0.7139,0.7143,0.9639,0.7084
37,2026-03-26 13:54:13,0.327132,0,0.36,0.666174,-0.666174,BEAR,0.317633,0.441573,0.220121,0.654748,0.547182,0.365578,0.29344,1.0,1.0,1.0,0.999965,0.999999,1.0,0.0,0.7097,0.5852,1.0,518.9,0,,False,,26.32,6569.74,0.141288,0.7143,0.5963,0.4286,1.0,0.7097
38,2026-03-26 13:54:43,0.383586,1,0.36,0.561266,0.561266,BULL,0.310299,0.441373,0.222243,0.686594,0.54644,0.554311,0.278608,1.0,1.0,1.0,0.999966,0.999999,1.0,0.0,0.7105,0.5865,1.0,511.84,0,,False,,26.4,6570.52,0.158233,0.4286,0.5479,0.0,1.0,0.7105
39,2026-03-26 13:55:24,0.388494,1,0.36,0.556979,0.556979,BULL,0.31131,0.441409,0.221809,0.691764,0.546575,0.578428,0.28051,1.0,1.0,1.0,0.999966,0.999999,1.0,0.0,0.7101,0.5858,1.0,525.41,0,,False,,26.38,6568.55,0.16191,0.4286,0.5374,0.0,1.0,0.7101
40,2026-03-26 13:55:55,0.383533,1,0.36,0.559679,0.559679,BULL,0.307784,0.441255,0.224118,0.687744,0.546003,0.554045,0.272313,1.0,1.0,1.0,0.999966,0.999999,1.0,0.0,0.7084,0.5834,1.0,502.67,0,,False,,26.5,6566.19,0.159246,0.4286,0.545,0.0,1.0,0.7084
41,2026-03-26 13:56:25,0.384412,1,0.36,0.559138,0.559138,BULL,0.307371,0.441229,0.224498,0.690034,0.545905,0.553985,0.270814,1.0,1.0,1.0,0.999967,0.999999,1.0,0.0,0.7097,0.5852,1.0,524.53,0,,False,,26.53,6565.87,0.159945,0.4286,0.543,0.0,1.0,0.7097
42,2026-03-26 13:56:56,0.390474,1,0.36,0.55406,0.55406,BULL,0.306425,0.441162,0.225591,0.700364,0.545657,0.571102,0.268398,1.0,1.0,1.0,0.999966,0.999999,1.0,0.0,0.7101,0.5858,1.0,538.23,0,,False,,26.49,6565.44,0.164464,0.4286,0.5301,0.0,1.0,0.7101
43,2026-03-26 13:57:27,0.390879,1,0.36,0.554564,0.554564,BULL,0.308277,0.441281,0.223609,0.700546,0.546099,0.571404,0.273348,1.0,1.0,1.0,0.999966,0.999999,1.0,0.0,0.7101,0.5858,1.0,522.1,0,,False,,26.49,6566.78,0.164023,0.4286,0.5314,0.0,1.0,0.7101
44,2026-03-26 13:58:07,0.384505,1,0.36,0.558203,0.558203,BULL,0.306348,0.441157,0.225715,0.69061,0.54564,0.553821,0.268152,1.0,1.0,1.0,0.999968,1.0,1.0,0.0,0.7071,0.5815,1.0,595.38,0,,False,,26.64,6564.68,0.160311,0.4286,0.542,0.0,1.0,0.7071
45,2026-03-26 13:58:38,0.384809,1,0.36,0.55851,0.55851,BULL,0.306542,0.441173,0.225512,0.691243,0.545697,0.553856,0.268579,1.0,1.0,1.0,0.999968,1.0,1.0,0.0,0.7092,0.5846,1.0,523.14,0,,False,,26.62,6562.98,0.160419,0.4286,0.5417,0.0,1.0,0.7092
46,2026-03-26 13:59:09,0.23796,0,0.36,0.666625,-0.666625,BEAR,0.306075,0.441135,0.226242,0.297228,0.545557,0.553769,0.267413,1.0,1.0,1.0,0.99997,1.0,1.0,0.0,0.711,0.5871,1.0,587.61,0,,False,,26.74,6560.2,0.125301,0.7143,0.642,0.4286,0.9096,0.711
47,2026-03-26 13:59:49,0.38907,1,0.36,0.555261,0.555261,BULL,0.307661,0.441248,0.224344,0.694961,0.545976,0.578106,0.271712,1.0,1.0,1.0,0.999966,0.999999,1.0,0.0,0.7118,0.5883,1.0,563.82,0,,False,,26.46,6556.36,0.163714,0.4286,0.5322,0.0,1.0,0.7118
48,2026-03-26 14:00:20,0.388045,1,0.36,0.554468,0.554468,BULL,0.306197,0.441145,0.225981,0.692447,0.545594,0.581031,0.267519,1.0,1.0,1.0,0.999966,0.999999,1.0,0.0,0.7092,0.5846,1.0,532.56,0,,False,,26.34,6568.99,0.163956,0.4286,0.5316,0.0,1.0,0.7092
49,2026-03-26 14:01:01,0.388868,1,0.36,0.554176,0.554176,BULL,0.306354,0.441158,0.225595,0.694421,0.545644,0.580873,0.268004,1.0,1.0,1.0,0.999966,0.999999,1.0,0.0,0.7101,0.5858,1.0,524.15,0,,False,,26.43,6569.02,0.164362,0.4286,0.5304,0.0,1.0,0.7101
50,2026-03-26 14:01:32,0.386632,1,0.36,0.555617,0.555617,BULL,0.305954,0.441124,0.226162,0.690039,0.545518,0.577858,0.266914,1.0,1.0,1.0,0.999966,0.999999,1.0,0.0,0.7101,0.5858,1.0,562.49,0,,False,,26.44,6568.12,0.163101,0.4286,0.534,0.0,1.0,0.7101
51,2026-03-26 14:02:12,0.391153,1,0.36,0.553175,0.553175,BULL,0.306496,0.441171,0.22554,0.69971,0.545693,0.580322,0.268631,1.0,1.0,1.0,0.999966,0.999999,1.0,0.0,0.711,0.5871,1.0,540.74,0,,False,,26.42,6568.71,0.165389,0.4286,0.5275,0.0,1.0,0.711
52,2026-03-26 14:02:43,0.387015,1,0.36,0.55603,0.55603,BULL,0.306536,0.441176,0.225468,0.690659,0.545709,0.577961,0.268883,1.0,1.0,1.0,0.999966,0.999999,1.0,0.0,0.7118,0.5883,1.0,519.61,0,,False,,26.44,6568.43,0.163041,0.4286,0.5342,0.0,1.0,0.7118
53,2026-03-26 14:03:13,0.388985,1,0.36,0.556248,0.556248,BULL,0.306316,0.441159,0.225767,0.700991,0.545647,0.553825,0.268234,1.0,1.0,1.0,0.999966,0.999999,1.0,0.0,0.711,0.5871,1.0,519.41,0,,False,,26.43,6569.01,0.1627,0.4286,0.5351,0.0,1.0,0.711
54,2026-03-26 14:03:44,0.389617,1,0.36,0.55435,0.55435,BULL,0.306325,0.441158,0.225831,0.696726,0.545643,0.577926,0.26827,1.0,1.0,1.0,0.999966,0.999999,1.0,0.0,0.7114,0.5877,1.0,514.26,0,,False,,26.45,6567.41,0.164436,0.4286,0.5302,0.0,1.0,0.7114
55,2026-03-26 14:04:25,0.344824,0,0.36,0.651487,-0.651487,BEAR,0.307637,0.441248,0.224279,0.698107,0.545976,0.391238,0.272075,1.0,1.0,1.0,0.999966,0.999999,1.0,0.0,0.711,0.5871,1.0,546.87,0,,False,,26.41,6569.44,0.154366,0.7143,0.559,0.4286,1.0,0.711
56,2026-03-26 14:04:55,0.387039,1,0.36,0.557655,0.557655,BULL,0.306771,0.441192,0.225225,0.696287,0.545771,0.553902,0.269638,1.0,1.0,1.0,0.999967,0.999999,1.0,0.0,0.711,0.5871,1.0,510.63,0,,False,,26.5,6569.49,0.161468,0.4286,0.5387,0.0,1.0,0.711
57,2026-03-26 14:05:26,0.38914,1,0.36,0.553744,0.553744,BULL,0.306073,0.441138,0.226203,0.694305,0.545568,0.583709,0.267601,1.0,1.0,1.0,0.999967,0.999999,1.0,0.0,0.7097,0.5852,1.0,589.12,0,,False,,26.51,6564.74,0.164665,0.4286,0.5295,0.0,1.0,0.7097
58,2026-03-26 14:06:07,0.384427,1,0.36,0.558854,0.558854,BULL,0.306264,0.441154,0.225771,0.68977,0.545628,0.556655,0.268185,1.0,1.0,1.0,0.999968,1.0,1.0,0.0,0.711,0.5871,1.0,513.79,0,,False,,26.58,6561.05,0.16042,0.4286,0.5417,0.0,1.0,0.711
59,2026-03-26 14:06:37,0.387984,1,0.36,0.557125,0.557125,BULL,0.306892,0.4412,0.224798,0.698556,0.545801,0.55392,0.270036,1.0,1.0,1.0,0.999966,0.999999,1.0,0.0,0.7114,0.5877,1.0,524.94,0,,False,,26.4,6567.84,0.162008,0.4286,0.5371,0.0,1.0,0.7114
60,2026-03-26 14:07:18,0.384087,1,0.36,0.558858,0.558858,BULL,0.306091,0.44114,0.22586,0.689777,0.545579,0.553783,0.267621,1.0,1.0,1.0,0.999966,0.999999,1.0,0.0,0.7097,0.5852,1.0,524.65,0,,False,,26.32,6568.52,0.16019,0.4286,0.5423,0.0,1.0,0.7097
61,2026-03-26 14:07:49,0.388208,1,0.36,0.556545,0.556545,BULL,0.305864,0.44112,0.22634,0.699364,0.545502,0.553735,0.266881,1.0,1.0,1.0,0.999966,0.999999,1.0,0.0,0.711,0.5871,1.0,589.23,0,,False,,26.34,6570.97,0.16244,0.4286,0.5359,0.0,1.0,0.711
62,2026-03-26 14:08:29,0.38598,1,0.36,0.558196,0.558196,BULL,0.305688,0.441103,0.226624,0.694243,0.54544,0.553696,0.266281,1.0,1.0,1.0,0.999966,0.999999,1.0,0.0,0.7127,0.5895,1.0,521.19,0,,False,,26.36,6570.05,0.161297,0.4286,0.5392,0.0,1.0,0.7127
63,2026-03-26 14:09:00,0.386032,1,0.36,0.558247,0.558247,BULL,0.306387,0.441163,0.225629,0.69414,0.545661,0.553834,0.268407,1.0,1.0,1.0,0.999966,0.999999,1.0,0.0,0.7118,0.5883,1.0,507.46,0,,False,,26.4,6569.15,0.161102,0.4286,0.5397,0.0,1.0,0.7118
64,2026-03-26 14:09:31,0.38779,1,0.36,0.55551,0.55551,BULL,0.305715,0.441104,0.226633,0.692733,0.545442,0.577816,0.266288,1.0,1.0,1.0,0.999969,1.0,1.0,0.0,0.7131,0.5902,1.0,506.76,0,,False,,26.58,6563.56,0.163723,0.4286,0.5322,0.0,1.0,0.7131
65,2026-03-26 14:10:01,0.390536,1,0.36,0.553444,0.553444,BULL,0.305726,0.441104,0.226601,0.699098,0.545443,0.577817,0.266326,1.0,1.0,1.0,0.999968,1.0,1.0,0.0,0.711,0.5871,1.0,552.89,0,,False,,26.53,6563.37,0.165154,0.4286,0.5281,0.0,1.0,0.711
66,2026-03-26 14:10:42,0.340969,0,0.36,0.650123,-0.650123,BEAR,0.30573,0.441103,0.226684,0.69706,0.545441,0.358331,0.266294,1.0,1.0,1.0,0.999968,1.0,1.0,0.0,0.711,0.5871,1.0,872.6,0,,False,,26.52,6565.0,0.155559,0.7143,0.5555,0.4286,1.0,0.711
67,2026-03-26 14:11:13,0.387513,1,0.36,0.556014,0.556014,BULL,0.307536,0.441239,0.224279,0.692151,0.545945,0.575142,0.271657,1.0,1.0,1.0,0.999968,1.0,1.0,0.0,0.7101,0.5858,1.0,534.53,0,,False,,26.53,6562.95,0.162754,0.4286,0.535,0.0,1.0,0.7101
68,2026-03-26 14:11:54,0.381957,1,0.36,0.560386,0.560386,BULL,0.306213,0.441145,0.225852,0.684732,0.545596,0.553793,0.267802,1.0,1.0,1.0,0.999969,1.0,1.0,0.0,0.7105,0.5865,1.0,515.85,0,,False,,26.58,6562.31,0.159004,0.4286,0.5457,0.0,1.0,0.7105
69,2026-03-26 14:12:24,0.390475,1,0.36,0.553855,0.553855,BULL,0.30688,0.441193,0.225003,0.698626,0.545775,0.577997,0.269516,1.0,1.0,1.0,0.999969,1.0,1.0,0.0,0.711,0.5871,1.0,610.71,0,,False,,26.61,6559.67,0.164793,0.4286,0.5292,0.0,1.0,0.711
70,2026-03-26 14:13:05,0.388333,1,0.36,0.556203,0.556203,BULL,0.306195,0.44114,0.225938,0.699567,0.545578,0.553782,0.267555,1.0,1.0,1.0,0.999967,0.999999,1.0,0.0,0.7092,0.5846,1.0,509.82,0,,False,,26.47,6565.1,0.162438,0.4286,0.5359,0.0,1.0,0.7092
71,2026-03-26 14:13:35,0.39233,1,0.36,0.554424,0.554424,BULL,0.310932,0.441394,0.221913,0.700875,0.546517,0.578397,0.279829,1.0,1.0,1.0,0.999967,0.999999,1.0,0.0,0.7097,0.5852,1.0,510.85,0,,False,,26.47,6565.06,0.16407,0.4286,0.5312,0.0,1.0,0.7097
72,2026-03-26 14:14:06,0.387771,1,0.36,0.557852,0.557852,BULL,0.307107,0.441211,0.224541,0.699329,0.545839,0.548407,0.270373,1.0,1.0,1.0,0.999966,0.999999,1.0,0.0,0.7127,0.5895,1.0,514.59,0,,False,,26.41,6562.78,0.161598,0.4286,0.5383,0.0,1.0,0.7127
73,2026-03-26 14:14:47,0.387477,1,0.36,0.557943,0.557943,BULL,0.307553,0.441238,0.224271,0.697091,0.545939,0.554005,0.271386,1.0,1.0,1.0,0.999967,0.999999,1.0,0.0,0.7127,0.5895,1.0,525.52,0,,False,,26.44,6566.99,0.161519,0.4286,0.5385,0.0,1.0,0.7127
74,2026-03-26 14:15:18,0.342275,0,0.36,0.651665,-0.651665,BEAR,0.306392,0.441155,0.225631,0.69471,0.545633,0.381633,0.267913,1.0,1.0,1.0,0.999966,0.999999,1.0,0.0,0.7101,0.5858,1.0,543.38,0,,False,,26.33,6567.39,0.154059,0.7143,0.5598,0.4286,1.0,0.7101
75,2026-03-26 14:15:48,0.391292,1,0.36,0.554612,0.554612,BULL,0.309735,0.441347,0.222558,0.69915,0.546344,0.578304,0.277035,1.0,1.0,1.0,0.999965,0.999999,1.0,0.0,0.7105,0.5865,1.0,513.2,0,,False,,26.3,6568.86,0.164056,0.4286,0.5313,0.0,1.0,0.7105
76,2026-03-26 14:16:29,0.391776,1,0.36,0.553386,0.553386,BULL,0.308441,0.441288,0.223375,0.700993,0.546125,0.578187,0.273723,1.0,1.0,1.0,0.999965,0.999999,1.0,0.0,0.7092,0.5846,1.0,513.89,0,,False,,26.2,6572.45,0.164903,0.4286,0.5288,0.0,1.0,0.7092
77,2026-03-26 14:16:59,0.389296,1,0.36,0.556592,0.556592,BULL,0.308329,0.441284,0.22357,0.700928,0.546112,0.554111,0.273562,1.0,1.0,1.0,0.999966,0.999999,1.0,0.0,0.7097,0.5852,1.0,528.48,0,,False,,26.26,6571.27,0.162173,0.4286,0.5366,0.0,1.0,0.7097
78,2026-03-26 14:17:40,0.257424,0,0.36,0.653748,-0.653748,BEAR,0.307768,0.441254,0.22415,0.377962,0.546,0.554043,0.271957,1.0,1.0,1.0,0.999966,0.999999,1.0,0.0,0.7097,0.5852,1.0,850.58,0,,False,,26.29,6570.71,0.120839,0.7143,0.6547,0.4286,0.821,0.7097
79,2026-03-26 14:18:21,0.388498,1,0.36,0.558178,0.558178,BULL,0.310814,0.441392,0.222003,0.697708,0.546513,0.554355,0.279741,1.0,1.0,1.0,0.999966,0.999999,1.0,0.0,0.7088,0.584,1.0,611.51,0,,False,,26.29,6569.98,0.160635,0.4286,0.541,0.0,1.0,0.7088
80,2026-03-26 14:18:52,0.388125,1,0.36,0.556954,0.556954,BULL,0.307686,0.441248,0.224119,0.698566,0.545979,0.55403,0.271559,1.0,1.0,1.0,0.999966,0.999999,1.0,0.0,0.7097,0.5852,1.0,514.71,0,,False,,26.27,6572.03,0.161856,0.4286,0.5376,0.0,1.0,0.7097
81,2026-03-26 14:19:33,0.377265,1,0.36,0.563742,0.563742,BULL,0.308514,0.441294,0.223495,0.672771,0.546146,0.554133,0.274037,1.0,1.0,1.0,0.999966,0.999999,1.0,0.0,0.7084,0.5834,1.0,531.24,0,,False,,26.33,6569.44,0.15569,0.4286,0.5552,0.0,1.0,0.7084
82,2026-03-26 14:20:04,0.340839,0,0.36,0.653807,-0.653807,BEAR,0.308161,0.441275,0.223752,0.690427,0.546076,0.381907,0.272935,1.0,1.0,1.0,0.999966,0.999999,1.0,0.0,0.7118,0.5883,1.0,530.48,0,,False,,26.32,6567.46,0.152487,0.7143,0.5643,0.4286,1.0,0.7118
83,2026-03-26 14:20:35,0.379786,1,0.36,0.562705,0.562705,BULL,0.308554,0.441297,0.223449,0.678642,0.546159,0.55414,0.274246,1.0,1.0,1.0,0.999967,0.999999,1.0,0.0,0.7105,0.5865,1.0,529.44,0,,False,,26.39,6564.68,0.156975,0.4286,0.5515,0.0,1.0,0.7105
84,2026-03-26 14:21:05,0.389071,1,0.36,0.556522,0.556522,BULL,0.307685,0.441249,0.224102,0.700772,0.545982,0.554032,0.271493,1.0,1.0,1.0,0.999966,0.999999,1.0,0.0,0.7105,0.5865,1.0,518.01,0,,False,,26.29,6565.19,0.162385,0.4286,0.536,0.0,1.0,0.7105
85,2026-03-26 14:21:46,0.384939,1,0.36,0.558713,0.558713,BULL,0.307552,0.441242,0.224185,0.691216,0.545955,0.554015,0.271484,1.0,1.0,1.0,0.999966,0.999999,1.0,0.0,0.7088,0.584,1.0,560.23,0,,False,,26.31,6567.03,0.160166,0.4286,0.5424,0.0,1.0,0.7088
86,2026-03-26 14:22:17,0.390125,1,0.36,0.554292,0.554292,BULL,0.307872,0.44126,0.223828,0.697444,0.546021,0.578131,0.272347,1.0,1.0,1.0,0.999966,0.999999,1.0,0.0,0.7101,0.5858,1.0,553.96,0,,False,,26.29,6567.43,0.164261,0.4286,0.5307,0.0,1.0,0.7101
87,2026-03-26 14:22:57,0.388612,1,0.36,0.554848,0.554848,BULL,0.306882,0.441198,0.224921,0.69402,0.545791,0.57932,0.269595,1.0,1.0,1.0,0.999966,0.999999,1.0,0.0,0.711,0.5871,1.0,534.48,0,,False,,26.23,6567.77,0.163925,0.4286,0.5316,0.0,1.0,0.711
88,2026-03-26 14:23:28,0.339843,0,0.36,0.653549,-0.653549,BEAR,0.309739,0.441351,0.222537,0.689979,0.546359,0.370254,0.276859,1.0,1.0,1.0,0.999965,0.999999,1.0,0.0,0.7097,0.5852,1.0,522.27,0,,False,,26.19,6572.53,0.152335,0.7143,0.5648,0.4286,1.0,0.7097
89,2026-03-26 14:24:09,0.390804,1,0.36,0.554128,0.554128,BULL,0.307844,0.441258,0.224013,0.698937,0.546015,0.578128,0.272423,1.0,1.0,1.0,0.999966,0.999999,1.0,0.0,0.711,0.5871,1.0,534.04,0,,False,,26.19,6570.13,0.164555,0.4286,0.5298,0.0,1.0,0.711
90,2026-03-26 14:24:39,0.387734,1,0.36,0.5569,0.5569,BULL,0.306661,0.441183,0.225358,0.69796,0.545737,0.553881,0.269197,1.0,1.0,1.0,0.999966,0.999999,1.0,0.0,0.7097,0.5852,1.0,543.08,0,,False,,26.18,6570.45,0.161903,0.4286,0.5374,0.0,1.0,0.7097
91,2026-03-26 14:25:20,0.387318,1,0.36,0.555901,0.555901,BULL,0.306838,0.441194,0.225013,0.691322,0.545777,0.577999,0.269533,1.0,1.0,1.0,0.999966,0.999999,1.0,0.0,0.7118,0.5883,1.0,516.3,0,,False,,26.22,6569.35,0.163155,0.4286,0.5338,0.0,1.0,0.7118
92,2026-03-26 14:25:51,0.390992,1,0.36,0.555096,0.555096,BULL,0.310157,0.441366,0.222328,0.698211,0.546415,0.578342,0.278052,1.0,1.0,1.0,0.999966,0.999999,1.0,0.0,0.711,0.5871,1.0,508.23,0,,False,,26.23,6567.67,0.163708,0.4286,0.5323,0.0,1.0,0.711
93,2026-03-26 14:26:22,0.390604,1,0.36,0.553969,0.553969,BULL,0.30724,0.44122,0.224485,0.698778,0.545874,0.578051,0.270921,1.0,1.0,1.0,0.999966,0.999999,1.0,0.0,0.711,0.5871,1.0,833.04,0,,False,,26.23,6567.93,0.164694,0.4286,0.5294,0.0,1.0,0.711
94,2026-03-26 14:27:02,0.386627,1,0.36,0.557458,0.557458,BULL,0.306396,0.441158,0.225541,0.695598,0.545645,0.553824,0.268139,1.0,1.0,1.0,0.999966,0.999999,1.0,0.0,0.7101,0.5858,1.0,694.57,0,,False,,26.23,6568.97,0.161491,0.4286,0.5386,0.0,1.0,0.7101
95,2026-03-26 14:27:33,0.382422,1,0.36,0.560453,0.560453,BULL,0.30632,0.441153,0.225731,0.685799,0.545626,0.553812,0.2679,1.0,1.0,1.0,0.999966,0.999999,1.0,0.0,0.7122,0.5889,1.0,510.01,0,,False,,26.25,6568.61,0.159247,0.4286,0.545,0.0,1.0,0.7122
96,2026-03-26 14:28:14,0.375799,1,0.36,0.564722,0.564722,BULL,0.307311,0.441223,0.224537,0.669929,0.545884,0.553972,0.27073,1.0,1.0,1.0,0.999968,0.999999,1.0,0.0,0.7118,0.5883,1.0,551.97,0,,False,,26.31,6566.83,0.155436,0.4286,0.5559,0.0,1.0,0.7118
97,2026-03-26 14:28:44,0.379066,1,0.36,0.562416,0.562416,BULL,0.306115,0.441135,0.226034,0.678013,0.545559,0.55377,0.267339,1.0,1.0,1.0,0.999968,1.0,1.0,0.0,0.7122,0.5889,1.0,625.21,0,,False,,26.32,6566.1,0.157529,0.4286,0.5499,0.0,1.0,0.7122
98,2026-03-26 14:29:15,0.3803,1,0.36,0.561315,0.561315,BULL,0.306231,0.441146,0.225908,0.679647,0.5456,0.559019,0.267391,1.0,1.0,1.0,0.999968,1.0,1.0,0.0,0.7122,0.5889,1.0,702.23,0,,False,,26.31,6566.4,0.158493,0.4286,0.5472,0.0,1.0,0.7122
99,2026-03-26 14:29:46,0.380304,1,0.36,0.561313,0.561313,BULL,0.306262,0.441149,0.225875,0.679651,0.545608,0.559027,0.267412,1.0,1.0,1.0,0.999968,1.0,1.0,0.0,0.7122,0.5889,1.0,513.98,0,,False,,26.31,6565.63,0.158495,0.4286,0.5472,0.0,1.0,0.7122
100,2026-03-26 14:30:26,0.344108,0,0.36,0.607831,-0.607831,BEAR,0.306621,0.441175,0.225409,0.595689,0.545706,0.548347,0.268527,1.0,1.0,1.0,0.999969,1.0,1.0,0.0,0.7114,0.5877,1.0,619.49,0,,False,,26.35,6562.64,0.140023,0.5714,0.5999,0.1429,0.985,0.7114
101,2026-03-26 14:30:57,0.38776,1,0.36,0.555622,0.555622,BULL,0.306362,0.441154,0.225785,0.692484,0.54563,0.577919,0.267846,1.0,1.0,1.0,0.999968,1.0,1.0,0.0,0.7127,0.5895,1.0,512.89,0,,False,,26.33,6565.53,0.163549,0.4286,0.5327,0.0,1.0,0.7127
102,2026-03-26 14:31:38,0.38932,1,0.36,0.554498,0.554498,BULL,0.306883,0.441193,0.225113,0.695955,0.545772,0.577996,0.2691,1.0,1.0,1.0,0.999966,0.999999,1.0,0.0,0.711,0.5871,1.0,513.91,0,,False,,26.24,6566.67,0.164231,0.4286,0.5308,0.0,1.0,0.711
103,2026-03-26 14:32:09,0.38592,1,0.36,0.558041,0.558041,BULL,0.305839,0.441111,0.226528,0.69408,0.545471,0.553716,0.266168,1.0,1.0,1.0,0.999966,0.999999,1.0,0.0,0.7118,0.5883,1.0,508.69,0,,False,,26.2,6569.05,0.161282,0.4286,0.5392,0.0,1.0,0.7118
104,2026-03-26 14:32:49,0.342754,0,0.36,0.651717,-0.651717,BEAR,0.306118,0.441135,0.226018,0.695975,0.545557,0.381585,0.267,1.0,1.0,1.0,0.999966,0.999999,1.0,0.0,0.7127,0.5895,1.0,514.3,0,,False,,26.21,6567.99,0.154466,0.7143,0.5587,0.4286,1.0,0.7127
105,2026-03-26 14:33:20,0.385895,1,0.36,0.558446,0.558446,BULL,0.305947,0.441119,0.226219,0.69535,0.545501,0.548256,0.266507,1.0,1.0,1.0,0.999966,0.999999,1.0,0.0,0.7122,0.5889,1.0,526.4,0,,False,,26.22,6568.3,0.161003,0.4286,0.54,0.0,1.0,0.7122
106,2026-03-26 14:33:50,0.277392,0,0.36,0.597817,-0.597817,BEAR,0.306543,0.441168,0.225388,0.458527,0.545681,0.553846,0.26808,1.0,1.0,1.0,0.999968,0.999999,1.0,0.0,0.7127,0.5895,1.0,520.83,0,,False,,26.3,6566.06,0.123426,0.5714,0.6474,0.1429,0.8388,0.7127
107,2026-03-26 14:34:31,0.391162,1,0.36,0.552647,0.552647,BULL,0.305903,0.441112,0.226423,0.699423,0.545473,0.582612,0.266198,1.0,1.0,1.0,0.999966,0.999999,1.0,0.0,0.711,0.5871,1.0,561.38,0,,False,,26.23,6566.58,0.165851,0.4286,0.5261,0.0,1.0,0.711
108,2026-03-26 14:35:02,0.343216,0,0.36,0.650729,-0.650729,BEAR,0.306004,0.44112,0.225983,0.697251,0.545505,0.381553,0.266521,1.0,1.0,1.0,0.999966,0.999999,1.0,0.0,0.7101,0.5858,1.0,549.37,0,,False,,26.17,6569.05,0.154878,0.7143,0.5575,0.4286,1.0,0.7101
109,2026-03-26 14:35:43,0.388644,1,0.36,0.554438,0.554438,BULL,0.305858,0.441108,0.226112,0.694929,0.545458,0.577825,0.265866,1.0,1.0,1.0,0.999966,0.999999,1.0,0.0,0.7114,0.5877,1.0,518.31,0,,False,,26.18,6568.83,0.164359,0.4286,0.5304,0.0,1.0,0.7114
110,2026-03-26 14:36:13,0.248329,0,0.36,0.660528,-0.660528,BEAR,0.306571,0.44117,0.224957,0.341561,0.545687,0.55385,0.268028,1.0,1.0,1.0,0.999967,0.999999,1.0,0.0,0.7118,0.5883,1.0,521.19,0,,False,,26.27,6566.19,0.122355,0.7143,0.6504,0.4286,0.8614,0.7118
111,2026-03-26 14:36:54,0.331092,0,0.36,0.607565,-0.607565,BEAR,0.306264,0.441146,0.225402,0.546024,0.545599,0.580976,0.267059,1.0,1.0,1.0,0.999967,0.999999,1.0,0.0,0.7135,0.5908,1.0,508.85,0,,False,,26.23,6568.26,0.137376,0.5714,0.6075,0.1429,0.9664,0.7135
112,2026-03-26 14:37:24,0.380626,1,0.36,0.561537,0.561537,BULL,0.306581,0.441172,0.224984,0.681733,0.545694,0.553854,0.268403,1.0,1.0,1.0,0.999967,0.999999,1.0,0.0,0.7127,0.5895,1.0,527.21,0,,False,,26.27,6565.8,0.158373,0.4286,0.5475,0.0,1.0,0.7127
113,2026-03-26 14:38:05,0.381777,1,0.36,0.558388,0.558388,BULL,0.306488,0.441165,0.225029,0.678199,0.545668,0.580669,0.267743,1.0,1.0,1.0,0.99997,1.0,1.0,0.0,0.7114,0.5877,1.0,524.8,0,,False,,26.38,6563.24,0.160903,0.4286,0.5403,0.0,1.0,0.7114
114,2026-03-26 14:38:36,0.339127,0,0.36,0.651568,-0.651568,BEAR,0.306279,0.441148,0.225371,0.692398,0.545608,0.359562,0.267531,1.0,1.0,1.0,0.999971,1.0,1.0,0.0,0.711,0.5871,1.0,511.81,0,,False,,26.43,6563.09,0.154295,0.7143,0.5592,0.4286,1.0,0.711
115,2026-03-26 14:39:16,0.384829,1,0.36,0.558858,0.558858,BULL,0.306244,0.441146,0.225477,0.691636,0.545599,0.553795,0.26732,1.0,1.0,1.0,0.999971,1.0,1.0,0.0,0.7127,0.5895,1.0,531.94,0,,False,,26.43,6561.0,0.160718,0.4286,0.5408,0.0,1.0,0.7127
116,2026-03-26 14:39:47,0.38528,1,0.36,0.55855,0.55855,BULL,0.306625,0.441175,0.224965,0.692561,0.545706,0.553862,0.268436,1.0,1.0,1.0,0.999969,1.0,1.0,0.0,0.7118,0.5883,1.0,530.45,0,,False,,26.39,6562.85,0.160837,0.4286,0.5405,0.0,1.0,0.7118
117,2026-03-26 14:40:18,0.388918,1,0.36,0.554248,0.554248,BULL,0.306082,0.441131,0.225761,0.695511,0.545543,0.577871,0.266489,1.0,1.0,1.0,0.99997,1.0,1.0,0.0,0.711,0.5871,1.0,499.03,0,,False,,26.4,6562.79,0.16445,0.4286,0.5301,0.0,1.0,0.711
118,2026-03-26 14:40:58,0.351774,0,0.36,0.605666,-0.605666,BEAR,0.306185,0.441139,0.225497,0.61338,0.545574,0.55378,0.26719,1.0,1.0,1.0,0.999966,0.999999,1.0,0.0,0.7097,0.5852,1.0,634.87,0,,False,,26.22,6569.36,0.144233,0.5714,0.5879,0.1429,1.0,0.7097
119,2026-03-26 14:41:29,0.381247,1,0.36,0.558781,0.558781,BULL,0.305796,0.441105,0.225868,0.677854,0.545446,0.577818,0.265922,1.0,1.0,1.0,0.999971,1.0,1.0,0.0,0.7118,0.5883,1.0,523.02,0,,False,,26.49,6564.12,0.160635,0.4286,0.541,0.0,1.0,0.7118
120,2026-03-26 14:42:10,0.385811,1,0.36,0.556653,0.556653,BULL,0.306645,0.441176,0.224685,0.688183,0.545709,0.577962,0.26873,1.0,1.0,1.0,0.99997,1.0,1.0,0.0,0.7127,0.5895,1.0,532.52,0,,False,,26.48,6556.7,0.162647,0.4286,0.5353,0.0,1.0,0.7127
121,2026-03-26 14:42:41,0.376158,1,0.36,0.563978,0.563978,BULL,0.305884,0.441115,0.225753,0.671584,0.545485,0.553724,0.26634,1.0,1.0,1.0,0.999971,1.0,1.0,0.0,0.7131,0.5902,1.0,791.99,0,,False,,26.57,6559.68,0.156313,0.4286,0.5534,0.0,1.0,0.7131
122,2026-03-26 14:43:21,0.379186,1,0.36,0.562303,0.562303,BULL,0.306367,0.441157,0.225115,0.67843,0.545642,0.553822,0.268359,1.0,1.0,1.0,0.999971,1.0,1.0,0.0,0.7122,0.5889,1.0,561.66,0,,False,,26.57,6557.95,0.157628,0.4286,0.5496,0.0,1.0,0.7122
123,2026-03-26 14:43:52,0.385992,1,0.36,0.556851,0.556851,BULL,0.306175,0.441143,0.225386,0.690614,0.545589,0.569692,0.267699,1.0,1.0,1.0,0.999971,1.0,1.0,0.0,0.7114,0.5877,1.0,519.87,0,,False,,26.66,6555.78,0.162248,0.4286,0.5364,0.0,1.0,0.7114
124,2026-03-26 14:44:33,0.38711,1,0.36,0.557578,0.557578,BULL,0.306646,0.441181,0.22468,0.696823,0.545728,0.553875,0.269215,1.0,1.0,1.0,0.999971,1.0,1.0,0.0,0.7122,0.5889,1.0,536.3,0,,False,,26.65,6554.07,0.161762,0.4286,0.5378,0.0,1.0,0.7122
125,2026-03-26 14:45:03,0.377807,1,0.36,0.562869,0.562869,BULL,0.305944,0.441124,0.225671,0.675357,0.545517,0.553744,0.267056,1.0,1.0,1.0,0.999971,1.0,1.0,0.0,0.7118,0.5883,1.0,523.5,0,,False,,26.75,6550.75,0.157057,0.4286,0.5513,0.0,1.0,0.7118
126,2026-03-26 14:45:44,0.384782,1,0.36,0.559263,0.559263,BULL,0.307346,0.441226,0.223993,0.691077,0.545897,0.55398,0.271285,1.0,1.0,1.0,0.99997,1.0,1.0,0.0,0.7118,0.5883,1.0,556.8,0,,False,,26.68,6551.96,0.160212,0.4286,0.5423,0.0,1.0,0.7118
127,2026-03-26 14:46:15,0.391287,1,0.36,0.547874,0.547874,BULL,0.306319,0.441152,0.225283,0.688627,0.54562,0.629672,0.268157,1.0,1.0,1.0,0.99997,1.0,1.0,0.0,0.711,0.5871,1.0,547.16,0,,False,,26.63,6553.7,0.170027,0.4286,0.5142,0.0,1.0,0.711
128,2026-03-26 14:46:46,0.378367,1,0.36,0.560853,0.560853,BULL,0.305986,0.441124,0.226019,0.670786,0.545519,0.577858,0.267133,1.0,1.0,1.0,0.99997,1.0,1.0,0.0,0.7122,0.5889,1.0,604.98,0,,False,,26.72,6551.26,0.158896,0.4286,0.546,0.0,1.0,0.7122
129,2026-03-26 14:47:26,0.338788,0,0.36,0.654653,-0.654653,BEAR,0.30604,0.441126,0.226336,0.68647,0.545526,0.380035,0.267381,1.0,1.0,1.0,0.99997,1.0,1.0,0.0,0.7127,0.5895,1.0,530.16,0,,False,,26.73,6549.32,0.151897,0.7143,0.566,0.4286,1.0,0.7127
130,2026-03-26 14:47:57,0.389482,1,0.36,0.555489,0.555489,BULL,0.307181,0.441211,0.224985,0.700117,0.54584,0.560822,0.270466,1.0,1.0,1.0,0.999969,1.0,1.0,0.0,0.7088,0.584,1.0,519.84,0,,False,,26.62,6551.26,0.162987,0.4286,0.5343,0.0,1.0,0.7088
131,2026-03-26 14:48:38,0.39052,1,0.36,0.554084,0.554084,BULL,0.306826,0.441188,0.225494,0.698529,0.545753,0.577986,0.269619,1.0,1.0,1.0,0.999969,1.0,1.0,0.0,0.7114,0.5877,1.0,515.85,0,,False,,26.66,6552.55,0.164668,0.4286,0.5295,0.0,1.0,0.7114
132,2026-03-26 14:49:09,0.385973,1,0.36,0.556332,0.556332,BULL,0.306869,0.441191,0.225576,0.686668,0.545766,0.583377,0.269488,1.0,1.0,1.0,0.99997,1.0,1.0,0.0,0.7114,0.5877,1.0,520.63,0,,False,,26.74,6552.0,0.162701,0.4286,0.5351,0.0,1.0,0.7114
133,2026-03-26 14:49:49,0.385731,1,0.36,0.558552,0.558552,BULL,0.306901,0.44119,0.225642,0.693,0.545762,0.553896,0.269681,1.0,1.0,1.0,0.999971,1.0,1.0,0.0,0.7105,0.5865,1.0,512.89,0,,False,,26.83,6550.43,0.160609,0.4286,0.5411,0.0,1.0,0.7105
134,2026-03-26 14:50:30,0.39092,1,0.36,0.55336,0.55336,BULL,0.306094,0.441127,0.226989,0.699545,0.545529,0.577864,0.266866,1.0,1.0,1.0,0.999969,1.0,1.0,0.0,0.7101,0.5858,1.0,513.66,0,,False,,26.7,6549.71,0.165076,0.4286,0.5284,0.0,1.0,0.7101
135,2026-03-26 14:51:00,0.388704,1,0.36,0.557013,0.557013,BULL,0.307174,0.441208,0.225895,0.699544,0.54583,0.553939,0.27041,1.0,1.0,1.0,0.999969,1.0,1.0,0.0,0.7105,0.5865,1.0,513.25,0,,False,,26.71,6551.95,0.161955,0.4286,0.5373,0.0,1.0,0.7105
136,2026-03-26 14:51:41,0.385596,1,0.36,0.559119,0.559119,BULL,0.306271,0.441142,0.227121,0.693948,0.545584,0.548293,0.267517,1.0,1.0,1.0,0.999969,1.0,1.0,0.0,0.7118,0.5883,1.0,508.28,0,,False,,26.72,6552.3,0.160338,0.4286,0.5419,0.0,1.0,0.7118
137,2026-03-26 14:52:12,0.386848,1,0.36,0.557463,0.557463,BULL,0.307837,0.441248,0.22601,0.688899,0.545978,0.578107,0.27235,1.0,1.0,1.0,0.99997,1.0,1.0,0.0,0.7127,0.5895,1.0,510.69,0,,False,,26.75,6550.81,0.161938,0.4286,0.5373,0.0,1.0,0.7127
138,2026-03-26 14:52:52,0.387883,1,0.36,0.555975,0.555975,BULL,0.306779,0.441178,0.227426,0.691666,0.54572,0.577967,0.268988,1.0,1.0,1.0,0.99997,1.0,1.0,0.0,0.7105,0.5865,1.0,508.4,0,,False,,26.78,6550.84,0.162863,0.4286,0.5347,0.0,1.0,0.7105
139,2026-03-26 14:53:23,0.387836,1,0.36,0.558101,0.558101,BULL,0.30769,0.441237,0.226769,0.696719,0.545936,0.554004,0.271561,1.0,1.0,1.0,0.999971,1.0,1.0,0.0,0.7101,0.5858,1.0,512.98,0,,False,,26.85,6547.18,0.160928,0.4286,0.5402,0.0,1.0,0.7101
140,2026-03-26 14:54:04,0.385611,1,0.36,0.558739,0.558739,BULL,0.306091,0.441119,0.229168,0.691989,0.545499,0.553733,0.266672,1.0,1.0,1.0,0.999971,1.0,1.0,0.0,0.7092,0.5846,1.0,598.85,0,,False,,26.84,6546.61,0.160219,0.4286,0.5422,0.0,1.0,0.7092
141,2026-03-26 14:54:44,0.385911,1,0.36,0.559609,0.559609,BULL,0.307467,0.441222,0.227705,0.692019,0.54588,0.553969,0.271039,1.0,1.0,1.0,0.999972,1.0,1.0,0.0,0.711,0.5871,1.0,538.47,0,,False,,26.97,6540.5,0.159759,0.4286,0.5435,0.0,1.0,0.711
142,2026-03-26 14:55:35,0.396551,1,0.36,0.544902,0.544902,BULL,0.306095,0.441117,0.229716,0.697677,0.545493,0.635637,0.266795,1.0,1.0,1.0,0.999972,1.0,1.0,0.0,0.7088,0.584,1.0,520.53,0,,False,,27.14,6542.1,0.172251,0.4286,0.5079,0.0,1.0,0.7088
143,2026-03-26 14:56:16,0.395954,1,0.36,0.548103,0.548103,BULL,0.307839,0.441245,0.227813,0.698485,0.545966,0.623454,0.271923,1.0,1.0,1.0,0.99997,1.0,1.0,0.0,0.7118,0.5883,1.0,521.19,0,,False,,27.0,6537.54,0.169978,0.4286,0.5143,0.0,1.0,0.7118
144,2026-03-26 14:56:46,0.390685,1,0.36,0.554662,0.554662,BULL,0.305936,0.441108,0.230484,0.6976,0.545458,0.577825,0.266335,1.0,1.0,1.0,0.99997,1.0,1.0,0.0,0.711,0.5871,1.0,563.0,0,,False,,26.96,6540.27,0.164087,0.4286,0.5312,0.0,1.0,0.711
145,2026-03-26 14:57:27,0.388907,1,0.36,0.557703,0.557703,BULL,0.306261,0.441138,0.230264,0.69894,0.54557,0.553777,0.267503,1.0,1.0,1.0,0.999969,1.0,1.0,0.0,0.7114,0.5877,1.0,516.0,0,,False,,26.9,6546.33,0.161502,0.4286,0.5386,0.0,1.0,0.7114
146,2026-03-26 14:58:08,0.391578,1,0.36,0.549727,0.549727,BULL,0.306066,0.441121,0.230705,0.688701,0.545508,0.623176,0.266922,1.0,1.0,1.0,0.999968,0.999999,1.0,0.0,0.7101,0.5858,1.0,528.09,0,,False,,26.81,6545.24,0.168255,0.4286,0.5193,0.0,1.0,0.7101
147,2026-03-26 14:58:39,0.343965,0,0.36,0.652374,-0.652374,BEAR,0.306439,0.441153,0.230206,0.696756,0.545626,0.381628,0.267992,1.0,1.0,1.0,0.999969,1.0,1.0,0.0,0.7122,0.5889,1.0,510.92,0,,False,,26.93,6545.92,0.153816,0.7143,0.5605,0.4286,1.0,0.7122
148,2026-03-26 14:59:19,0.388834,1,0.36,0.555921,0.555921,BULL,0.306221,0.441138,0.230735,0.692303,0.54557,0.58039,0.267411,1.0,1.0,1.0,0.999969,1.0,1.0,0.0,0.711,0.5871,1.0,538.49,0,,False,,26.91,6545.54,0.162986,0.4286,0.5343,0.0,1.0,0.711
149,2026-03-26 14:59:50,0.38416,1,0.36,0.559063,0.559063,BULL,0.306429,0.441154,0.230587,0.682014,0.54563,0.577614,0.267791,1.0,1.0,1.0,0.999969,1.0,1.0,0.0,0.7114,0.5877,1.0,519.98,0,,False,,26.9,6547.66,0.160312,0.4286,0.542,0.0,1.0,0.7114
150,2026-03-26 15:00:31,0.388404,1,0.36,0.556446,0.556446,BULL,0.30628,0.441143,0.230765,0.691825,0.545588,0.577896,0.267622,1.0,1.0,1.0,0.999968,0.999999,1.0,0.0,0.711,0.5871,1.0,537.51,0,,False,,26.78,6547.36,0.162527,0.4286,0.5356,0.0,1.0,0.711
151,2026-03-26 15:01:11,0.338072,0,0.36,0.658459,-0.658459,BEAR,0.306131,0.441132,0.231069,0.6784,0.545546,0.397945,0.266861,1.0,1.0,1.0,0.999967,0.999999,1.0,0.0,0.7135,0.5908,1.0,549.5,0,,False,,26.75,6549.37,0.148718,0.7143,0.5751,0.4286,1.0,0.7135
152,2026-03-26 15:01:42,0.391789,1,0.36,0.554435,0.554435,BULL,0.306882,0.441192,0.230149,0.699392,0.545769,0.577994,0.269265,1.0,1.0,1.0,0.999967,0.999999,1.0,0.0,0.7097,0.5852,1.0,523.41,0,,False,,26.72,6549.57,0.16406,0.4286,0.5313,0.0,1.0,0.7097
153,2026-03-26 15:02:23,0.382879,1,0.36,0.564124,0.564124,BULL,0.307668,0.441243,0.229241,0.69643,0.545958,0.50179,0.271396,1.0,1.0,1.0,0.999967,0.999999,1.0,0.0,0.7114,0.5877,1.0,567.17,0,,False,,26.7,6546.73,0.155884,0.4286,0.5546,0.0,1.0,0.7114
154,2026-03-26 15:02:53,0.397808,1,0.36,0.545296,0.545296,BULL,0.306824,0.441188,0.230289,0.699563,0.545754,0.635802,0.269312,1.0,1.0,1.0,0.999967,0.999999,1.0,0.0,0.7101,0.5858,1.0,598.93,0,,False,,26.63,6551.0,0.172132,0.4286,0.5082,0.0,1.0,0.7101
155,2026-03-26 15:03:34,0.393773,1,0.36,0.548575,0.548575,BULL,0.306126,0.441135,0.231289,0.692932,0.545559,0.625364,0.267107,1.0,1.0,1.0,0.999967,0.999999,1.0,0.0,0.7105,0.5865,1.0,532.23,0,,False,,26.72,6549.22,0.169338,0.4286,0.5162,0.0,1.0,0.7105
156,2026-03-26 15:04:05,0.392563,1,0.36,0.553964,0.553964,BULL,0.307394,0.441228,0.229676,0.700154,0.545903,0.58116,0.271057,1.0,1.0,1.0,0.999967,0.999999,1.0,0.0,0.7092,0.5846,1.0,506.54,0,,False,,26.65,6550.21,0.164396,0.4286,0.5303,0.0,1.0,0.7092
157,2026-03-26 15:04:36,0.387946,1,0.36,0.559018,0.559018,BULL,0.306256,0.441149,0.231149,0.69757,0.545612,0.548305,0.267729,1.0,1.0,1.0,0.999967,0.999999,1.0,0.0,0.7118,0.5883,1.0,515.91,0,,False,,26.68,6549.58,0.160427,0.4286,0.5416,0.0,1.0,0.7118
158,2026-03-26 15:05:16,0.396902,1,0.36,0.546726,0.546726,BULL,0.308756,0.441302,0.228801,0.696426,0.546179,0.636042,0.274715,1.0,1.0,1.0,0.999968,0.999999,1.0,0.0,0.7097,0.5852,1.0,564.08,0,,False,,26.75,6548.17,0.170806,0.4286,0.512,0.0,1.0,0.7097
159,2026-03-26 15:05:47,0.332428,0,0.36,0.659955,-0.659955,BEAR,0.306778,0.441186,0.230406,0.6703,0.545746,0.371586,0.269268,1.0,1.0,1.0,0.999967,0.999999,1.0,0.0,0.711,0.5871,1.0,663.98,0,,False,,26.65,6546.75,0.146956,0.7143,0.5801,0.4286,1.0,0.711
160,2026-03-26 15:06:28,0.376061,1,0.36,0.568017,0.568017,BULL,0.311255,0.441403,0.227386,0.665951,0.546552,0.554379,0.280677,1.0,1.0,1.0,0.999967,0.999999,1.0,0.0,0.7101,0.5858,1.0,560.58,0,,False,,26.66,6550.18,0.152251,0.4286,0.565,0.0,1.0,0.7101
161,2026-03-26 15:06:58,0.379598,1,0.36,0.564288,0.564288,BULL,0.307593,0.441238,0.229886,0.676171,0.545941,0.554007,0.271621,1.0,1.0,1.0,0.999967,0.999999,1.0,0.0,0.711,0.5871,1.0,506.77,0,,False,,26.62,6549.77,0.155665,0.4286,0.5552,0.0,1.0,0.711
162,2026-03-26 15:07:39,0.367266,1,0.36,0.572485,0.572485,BULL,0.310696,0.441382,0.227871,0.644152,0.546473,0.559808,0.279344,1.0,1.0,1.0,0.999966,0.999999,1.0,0.0,0.7105,0.5865,1.0,627.63,0,,False,,26.59,6550.98,0.148417,0.4286,0.576,0.0,1.0,0.7105
163,2026-03-26 15:08:10,0.392984,1,0.36,0.551004,0.551004,BULL,0.308809,0.441302,0.228783,0.691558,0.546177,0.61835,0.274753,1.0,1.0,1.0,0.999968,0.999999,1.0,0.0,0.7097,0.5852,1.0,519.94,0,,False,,26.69,6547.3,0.167063,0.4286,0.5227,0.0,1.0,0.7097
164,2026-03-26 15:08:50,0.394384,1,0.36,0.549999,0.549999,BULL,0.308415,0.441282,0.229114,0.693716,0.546102,0.623535,0.27393,1.0,1.0,1.0,0.999968,0.999999,1.0,0.0,0.7122,0.5889,1.0,511.18,0,,False,,26.68,6547.84,0.168394,0.4286,0.5189,0.0,1.0,0.7122
165,2026-03-26 15:09:21,0.385122,1,0.36,0.555768,0.555768,BULL,0.30944,0.441331,0.228402,0.67287,0.546283,0.618856,0.276368,1.0,1.0,1.0,0.999968,1.0,1.0,0.0,0.7105,0.5865,1.0,505.8,0,,False,,26.7,6547.16,0.163044,0.4286,0.5342,0.0,1.0,0.7105
166,2026-03-26 15:10:02,0.385962,1,0.36,0.56327,0.56327,BULL,0.311777,0.441419,0.227321,0.692642,0.54661,0.53775,0.281725,1.0,1.0,1.0,0.999967,0.999999,1.0,0.0,0.7101,0.5858,1.0,641.08,0,,False,,26.64,6547.4,0.156405,0.4286,0.5531,0.0,1.0,0.7101
167,2026-03-26 15:10:42,0.348759,0,0.36,0.656778,-0.656778,BEAR,0.317986,0.441573,0.226061,0.697223,0.547182,0.398956,0.294213,1.0,1.0,1.0,0.999966,0.999999,1.0,0.0,0.7131,0.5902,1.0,531.12,0,,False,,26.61,6548.51,0.150113,0.7143,0.5711,0.4286,1.0,0.7131
168,2026-03-26 15:11:13,0.395895,1,0.36,0.54952,0.54952,BULL,0.309149,0.441315,0.228656,0.696798,0.546225,0.623608,0.275684,1.0,1.0,1.0,0.999966,0.999999,1.0,0.0,0.7122,0.5889,1.0,498.66,0,,False,,26.59,6548.55,0.168813,0.4286,0.5177,0.0,1.0,0.7122
169,2026-03-26 15:11:54,0.396629,1,0.36,0.550214,0.550214,BULL,0.312094,0.441427,0.227298,0.696741,0.546642,0.623855,0.282412,1.0,1.0,1.0,0.999966,0.999999,1.0,0.0,0.7101,0.5858,1.0,641.18,0,,False,,26.6,6549.85,0.167829,0.4286,0.5205,0.0,1.0,0.7101
170,2026-03-26 15:12:24,0.392943,1,0.36,0.555967,0.555967,BULL,0.310521,0.441373,0.227845,0.69999,0.54644,0.578356,0.278702,1.0,1.0,1.0,0.999966,0.999999,1.0,0.0,0.711,0.5871,1.0,508.38,0,,False,,26.56,6548.38,0.162946,0.4286,0.5344,0.0,1.0,0.711
171,2026-03-26 15:13:05,0.398411,1,0.36,0.548953,0.548953,BULL,0.314358,0.441493,0.226689,0.695951,0.546885,0.638534,0.287088,1.0,1.0,1.0,0.999966,0.999999,1.0,0.0,0.7114,0.5877,1.0,512.07,0,,False,,26.59,6550.8,0.169159,0.4286,0.5167,0.0,1.0,0.7114
172,2026-03-26 15:13:46,0.388463,1,0.36,0.559502,0.559502,BULL,0.30832,0.441276,0.229314,0.696455,0.546083,0.554094,0.273432,1.0,1.0,1.0,0.999966,0.999999,1.0,0.0,0.7122,0.5889,1.0,509.8,0,,False,,26.55,6550.72,0.160079,0.4286,0.5426,0.0,1.0,0.7122
173,2026-03-26 15:14:16,0.390146,1,0.36,0.552535,0.552535,BULL,0.310058,0.441356,0.228136,0.683018,0.546376,0.623698,0.277788,1.0,1.0,1.0,0.999966,0.999999,1.0,0.0,0.7092,0.5846,1.0,584.88,0,,False,,26.58,6548.68,0.165647,0.4286,0.5267,0.0,1.0,0.7092
174,2026-03-26 15:14:57,0.389641,1,0.36,0.555621,0.555621,BULL,0.308121,0.441266,0.229461,0.691344,0.546042,0.587693,0.272934,1.0,1.0,1.0,0.999966,0.999999,1.0,0.0,0.7092,0.5846,1.0,524.39,0,,False,,26.57,6550.32,0.162947,0.4286,0.5344,0.0,1.0,0.7092
175,2026-03-26 15:15:38,0.371633,1,0.36,0.569935,0.569935,BULL,0.309701,0.441342,0.228309,0.657041,0.546326,0.551489,0.276937,1.0,1.0,1.0,0.999966,0.999999,1.0,0.0,0.7097,0.5852,1.0,561.5,0,,False,,26.57,6548.63,0.150498,0.4286,0.57,0.0,1.0,0.7097
176,2026-03-26 15:16:09,0.392551,1,0.36,0.550606,0.550606,BULL,0.3089,0.441306,0.228712,0.689271,0.546191,0.623588,0.27503,1.0,1.0,1.0,0.999967,0.999999,1.0,0.0,0.7092,0.5846,1.0,525.65,0,,False,,26.6,6547.94,0.167335,0.4286,0.5219,0.0,1.0,0.7092
177,2026-03-26 15:16:49,0.391546,1,0.36,0.551419,0.551419,BULL,0.308863,0.441304,0.228866,0.686924,0.546183,0.623584,0.274831,1.0,1.0,1.0,0.999966,0.999999,1.0,0.0,0.7105,0.5865,1.0,527.27,0,,False,,26.58,6548.57,0.16685,0.4286,0.5233,0.0,1.0,0.7105
178,2026-03-26 15:17:30,0.364685,1,0.36,0.57564,0.57564,BULL,0.311557,0.441412,0.227468,0.640151,0.546583,0.548742,0.281285,1.0,1.0,1.0,0.99997,1.0,1.0,0.0,0.7122,0.5889,1.0,529.99,0,,False,,26.72,6545.02,0.145958,0.4286,0.583,0.0,1.0,0.7122
179,2026-03-26 15:18:01,0.253613,0,0.36,0.660554,-0.660554,BEAR,0.308379,0.441279,0.229104,0.340308,0.546092,0.578169,0.27354,1.0,1.0,1.0,0.999971,1.0,1.0,0.0,0.7101,0.5858,1.0,607.91,0,,False,,26.76,6544.79,0.125902,0.7143,0.6403,0.4286,0.8835,0.7101
180,2026-03-26 15:18:41,0.38788,1,0.36,0.557347,0.557347,BULL,0.308342,0.441276,0.229147,0.68948,0.546083,0.578164,0.27344,1.0,1.0,1.0,0.999971,1.0,1.0,0.0,0.7084,0.5834,1.0,564.15,0,,False,,26.79,6542.81,0.161286,0.4286,0.5392,0.0,1.0,0.7084
181,2026-03-26 15:19:22,0.338056,0,0.36,0.658253,-0.658253,BEAR,0.308056,0.441261,0.229423,0.678554,0.546027,0.392989,0.272555,1.0,1.0,1.0,0.99997,1.0,1.0,0.0,0.7097,0.5852,1.0,597.94,0,,False,,26.78,6543.23,0.148219,0.7143,0.5765,0.4286,1.0,0.7097
182,2026-03-26 15:19:53,0.395746,1,0.36,0.54852,0.54852,BULL,0.311305,0.441403,0.227652,0.69206,0.546552,0.636982,0.280573,1.0,1.0,1.0,0.999969,1.0,1.0,0.0,0.7092,0.5846,1.0,579.55,0,,False,,26.73,6543.69,0.16916,0.4286,0.5167,0.0,1.0,0.7092
183,2026-03-26 15:20:33,0.396019,1,0.36,0.548803,0.548803,BULL,0.308024,0.44126,0.229528,0.698175,0.546021,0.62147,0.272413,1.0,1.0,1.0,0.999967,0.999999,1.0,0.0,0.711,0.5871,1.0,520.65,0,,False,,26.67,6544.17,0.169215,0.4286,0.5165,0.0,1.0,0.711
184,2026-03-26 15:21:04,0.393391,1,0.36,0.556415,0.556415,BULL,0.311862,0.441421,0.227404,0.700189,0.546619,0.578452,0.281502,1.0,1.0,1.0,0.999968,0.999999,1.0,0.0,0.711,0.5871,1.0,539.5,0,,False,,26.69,6544.67,0.162554,0.4286,0.5356,0.0,1.0,0.711
185,2026-03-26 15:21:45,0.389396,1,0.36,0.558171,0.558171,BULL,0.306782,0.441183,0.230843,0.699331,0.545737,0.553881,0.268948,1.0,1.0,1.0,0.999967,0.999999,1.0,0.0,0.7122,0.5889,1.0,506.28,0,,False,,26.67,6546.76,0.161244,0.4286,0.5393,0.0,1.0,0.7122
186,2026-03-26 15:22:15,0.39822,1,0.36,0.550299,0.550299,BULL,0.313949,0.441484,0.226926,0.699192,0.546851,0.623978,0.285924,1.0,1.0,1.0,0.999967,0.999999,1.0,0.0,0.7101,0.5858,1.0,520.76,0,,False,,26.68,6545.71,0.167755,0.4286,0.5207,0.0,1.0,0.7101
187,2026-03-26 15:22:56,0.396725,1,0.36,0.548337,0.548337,BULL,0.309722,0.441344,0.22849,0.697489,0.546331,0.627256,0.27683,1.0,1.0,1.0,0.999967,0.999999,1.0,0.0,0.7092,0.5846,1.0,555.39,0,,False,,26.68,6546.51,0.16932,0.4286,0.5162,0.0,1.0,0.7092
188,2026-03-26 15:23:37,0.381374,1,0.36,0.564,0.564,BULL,0.313064,0.441459,0.22706,0.671497,0.546758,0.578526,0.284278,1.0,1.0,1.0,0.999968,1.0,1.0,0.0,0.7101,0.5858,1.0,590.31,0,,False,,26.72,6545.81,0.155767,0.4286,0.555,0.0,1.0,0.7101
189,2026-03-26 15:24:08,0.347288,0,0.36,0.652137,-0.652137,BEAR,0.308644,0.441295,0.229197,0.699472,0.54615,0.39832,0.274129,1.0,1.0,1.0,0.999969,1.0,1.0,0.0,0.7088,0.584,1.0,539.54,0,,False,,26.73,6544.33,0.15342,0.7143,0.5617,0.4286,1.0,0.7088
190,2026-03-26 15:24:49,0.39037,1,0.36,0.562864,0.562864,BULL,0.317494,0.441565,0.226172,0.695217,0.547152,0.554735,0.292788,1.0,1.0,1.0,0.999969,1.0,1.0,0.0,0.7105,0.5865,1.0,505.79,0,,False,,26.74,6545.45,0.156836,0.4286,0.5519,0.0,1.0,0.7105
191,2026-03-26 15:25:30,0.396744,1,0.36,0.547334,0.547334,BULL,0.309129,0.441316,0.228844,0.69588,0.546228,0.635648,0.275293,1.0,1.0,1.0,0.999969,1.0,1.0,0.0,0.711,0.5871,1.0,935.39,0,,False,,26.74,6545.08,0.170499,0.4286,0.5129,0.0,1.0,0.711
192,2026-03-26 15:26:11,0.390006,1,0.36,0.564786,0.564786,BULL,0.320339,0.441617,0.226012,0.693735,0.547344,0.549091,0.298214,1.0,1.0,1.0,0.999968,0.999999,1.0,0.0,0.7092,0.5846,1.0,503.28,0,,False,,26.72,6545.84,0.154928,0.4286,0.5573,0.0,1.0,0.7092
193,2026-03-26 15:26:42,0.342771,0,0.36,0.65547,-0.65547,BEAR,0.311073,0.441394,0.227838,0.690936,0.546518,0.382179,0.279931,1.0,1.0,1.0,0.999969,1.0,1.0,0.0,0.7105,0.5865,1.0,556.15,0,,False,,26.77,6544.16,0.150805,0.7143,0.5691,0.4286,1.0,0.7105
194,2026-03-26 15:27:22,0.386394,1,0.36,0.561997,0.561997,BULL,0.318502,0.441584,0.226297,0.674708,0.547222,0.599157,0.294829,1.0,1.0,1.0,0.999971,1.0,1.0,0.0,0.7092,0.5846,1.0,636.58,0,,False,,26.81,6543.73,0.157368,0.4286,0.5504,0.0,1.0,0.7092
195,2026-03-26 15:28:03,0.39461,1,0.36,0.551337,0.551337,BULL,0.312438,0.441439,0.227275,0.691858,0.546685,0.623881,0.282939,1.0,1.0,1.0,0.999971,1.0,1.0,0.0,0.7092,0.5846,1.0,533.56,0,,False,,26.83,6544.27,0.166696,0.4286,0.5237,0.0,1.0,0.7092
196,2026-03-26 15:28:34,0.395314,1,0.36,0.559907,0.559907,BULL,0.320141,0.441614,0.225895,0.699167,0.547332,0.578828,0.297835,1.0,1.0,1.0,0.99997,1.0,1.0,0.0,0.7114,0.5877,1.0,530.88,0,,False,,26.81,6543.87,0.159573,0.4286,0.5441,0.0,1.0,0.7114
197,2026-03-26 15:29:14,0.395959,1,0.36,0.550086,0.550086,BULL,0.309506,0.441334,0.228562,0.698482,0.546298,0.616126,0.276434,1.0,1.0,1.0,0.999969,1.0,1.0,0.0,0.7101,0.5858,1.0,621.71,0,,False,,26.78,6545.8,0.167941,0.4286,0.5202,0.0,1.0,0.7101
198,2026-03-26 15:29:45,0.347569,0,0.36,0.654942,-0.654942,BEAR,0.318102,0.441578,0.226254,0.699632,0.547198,0.375787,0.294236,1.0,1.0,1.0,0.999969,1.0,1.0,0.0,0.711,0.5871,1.0,514.59,0,,False,,26.77,6545.56,0.151343,0.7143,0.5676,0.4286,1.0,0.711
199,2026-03-26 15:30:26,0.343583,0,0.36,0.65537,-0.65537,BEAR,0.313184,0.441463,0.227047,0.693299,0.546774,0.37512,0.284695,1.0,1.0,1.0,0.999972,1.0,1.0,0.0,0.7114,0.5877,1.0,510.54,0,,False,,26.9,6542.63,0.151044,0.7143,0.5684,0.4286,1.0,0.7114
200,2026-03-26 15:31:06,0.392215,1,0.36,0.557836,0.557836,BULL,0.313006,0.441459,0.227115,0.696671,0.546759,0.578526,0.284308,1.0,1.0,1.0,0.999972,1.0,1.0,0.0,0.711,0.5871,1.0,535.08,0,,False,,26.96,6541.1,0.161311,0.4286,0.5391,0.0,1.0,0.711
201,2026-03-26 15:31:47,0.340975,0,0.36,0.657239,-0.657239,BEAR,0.311608,0.441415,0.227545,0.685668,0.546597,0.384544,0.28139,1.0,1.0,1.0,0.999971,1.0,1.0,0.0,0.7101,0.5858,1.0,545.04,0,,False,,26.98,6540.41,0.149182,0.7143,0.5738,0.4286,1.0,0.7101
202,2026-03-26 15:32:18,0.340701,0,0.36,0.659997,-0.659997,BEAR,0.309036,0.441314,0.228953,0.673873,0.546222,0.437821,0.275332,1.0,1.0,1.0,0.999972,1.0,1.0,0.0,0.7101,0.5858,1.0,521.42,0,,False,,27.08,6537.32,0.146769,0.7143,0.5807,0.4286,1.0,0.7101
203,2026-03-26 15:32:59,0.389699,1,0.36,0.559616,0.559616,BULL,0.310099,0.441359,0.228474,0.698183,0.546389,0.55428,0.278025,1.0,1.0,1.0,0.999971,1.0,1.0,0.0,0.7114,0.5877,1.0,511.97,0,,False,,27.04,6536.32,0.159828,0.4286,0.5433,0.0,1.0,0.7114
204,2026-03-26 15:33:29,0.392823,1,0.36,0.555583,0.555583,BULL,0.309392,0.441327,0.228757,0.700198,0.54627,0.578265,0.276204,1.0,1.0,1.0,0.99997,1.0,1.0,0.0,0.711,0.5871,1.0,517.44,0,,False,,26.99,6537.8,0.163282,0.4286,0.5335,0.0,1.0,0.711
205,2026-03-26 15:34:10,0.391562,1,0.36,0.557573,0.557573,BULL,0.311428,0.441405,0.227785,0.6961,0.54656,0.57842,0.280815,1.0,1.0,1.0,0.99997,1.0,1.0,0.0,0.7118,0.5883,1.0,516.42,0,,False,,27.05,6537.54,0.161692,0.4286,0.538,0.0,1.0,0.7118
206,2026-03-26 15:34:51,0.38708,1,0.36,0.559565,0.559565,BULL,0.307027,0.441197,0.23081,0.694759,0.545786,0.549543,0.269867,1.0,1.0,1.0,0.99997,1.0,1.0,0.0,0.7097,0.5852,1.0,505.43,0,,False,,27.06,6536.69,0.159571,0.4286,0.5441,0.0,1.0,0.7097
207,2026-03-26 15:35:21,0.395693,1,0.36,0.549276,0.549276,BULL,0.309476,0.441329,0.228805,0.696015,0.546278,0.62364,0.276324,1.0,1.0,1.0,0.99997,1.0,1.0,0.0,0.7092,0.5846,1.0,506.06,0,,False,,27.04,6537.48,0.168499,0.4286,0.5186,0.0,1.0,0.7092
208,2026-03-26 15:36:02,0.345294,0,0.36,0.653986,-0.653986,BEAR,0.308728,0.441294,0.229093,0.694599,0.546149,0.398319,0.274393,1.0,1.0,1.0,0.999969,1.0,1.0,0.0,0.7105,0.5865,1.0,517.11,0,,False,,27.02,6540.02,0.152104,0.7143,0.5654,0.4286,1.0,0.7105
209,2026-03-26 15:36:43,0.397464,1,0.36,0.548263,0.548263,BULL,0.309311,0.441322,0.228846,0.700213,0.546252,0.623625,0.275902,1.0,1.0,1.0,0.999969,1.0,1.0,0.0,0.7097,0.5852,1.0,548.1,0,,False,,26.97,6540.91,0.169461,0.4286,0.5158,0.0,1.0,0.7097
210,2026-03-26 15:37:13,0.391916,1,0.36,0.554977,0.554977,BULL,0.306902,0.441189,0.230819,0.699346,0.545759,0.577989,0.269515,1.0,1.0,1.0,0.999969,1.0,1.0,0.0,0.7114,0.5877,1.0,526.99,0,,False,,27.0,6540.3,0.163888,0.4286,0.5317,0.0,1.0,0.7114
211,2026-03-26 15:37:54,0.388437,1,0.36,0.559404,0.559404,BULL,0.308644,0.441289,0.229316,0.696128,0.546131,0.554123,0.274199,1.0,1.0,1.0,0.999969,1.0,1.0,0.0,0.7105,0.5865,1.0,897.7,0,,False,,27.0,6538.82,0.159863,0.4286,0.5432,0.0,1.0,0.7105
212,2026-03-26 15:38:25,0.391933,1,0.36,0.554746,0.554746,BULL,0.307115,0.441202,0.230599,0.699278,0.545805,0.578014,0.270244,1.0,1.0,1.0,0.999969,1.0,1.0,0.0,0.7097,0.5852,1.0,522.46,0,,False,,26.98,6541.3,0.163788,0.4286,0.532,0.0,1.0,0.7097
213,2026-03-26 15:39:06,0.320897,0,0.36,0.669589,-0.669589,BEAR,0.308334,0.441273,0.229432,0.638154,0.546068,0.381902,0.273252,1.0,1.0,1.0,0.999968,0.999999,1.0,0.0,0.7088,0.584,1.0,696.06,0,,False,,26.95,6542.42,0.13815,0.7143,0.6053,0.4286,1.0,0.7088
214,2026-03-26 15:39:37,0.393048,1,0.36,0.548119,0.548119,BULL,0.306685,0.441171,0.231146,0.68818,0.545693,0.636504,0.268855,1.0,1.0,1.0,0.999967,0.999999,1.0,0.0,0.711,0.5871,1.0,506.18,0,,False,,26.94,6542.16,0.169812,0.4286,0.5148,0.0,1.0,0.711
215,2026-03-26 15:40:07,0.392688,1,0.36,0.550472,0.550472,BULL,0.308419,0.441278,0.229368,0.689767,0.546087,0.623526,0.273328,1.0,1.0,1.0,0.999968,0.999999,1.0,0.0,0.7101,0.5858,1.0,531.04,0,,False,,26.96,6541.48,0.167603,0.4286,0.5211,0.0,1.0,0.7101
216,2026-03-26 15:40:48,0.384863,1,0.36,0.561271,0.561271,BULL,0.307481,0.441224,0.230025,0.689833,0.545888,0.548428,0.271122,1.0,1.0,1.0,0.999967,0.999999,1.0,0.0,0.7105,0.5865,1.0,535.82,0,,False,,26.95,6542.43,0.158229,0.4286,0.5479,0.0,1.0,0.7105
217,2026-03-26 15:41:19,0.391369,1,0.36,0.551069,0.551069,BULL,0.308067,0.441258,0.229468,0.686971,0.546014,0.623482,0.27247,1.0,1.0,1.0,0.999967,0.999999,1.0,0.0,0.7105,0.5865,1.0,526.09,0,,False,,26.91,6542.57,0.167156,0.4286,0.5224,0.0,1.0,0.7105
218,2026-03-26 15:41:59,0.335836,0,0.36,0.658236,-0.658236,BEAR,0.308502,0.441281,0.229178,0.67697,0.546101,0.375355,0.273695,1.0,1.0,1.0,0.999969,1.0,1.0,0.0,0.7088,0.584,1.0,588.35,0,,False,,26.98,6542.01,0.148084,0.7143,0.5769,0.4286,1.0,0.7088
219,2026-03-26 15:42:30,0.389031,1,0.36,0.557687,0.557687,BULL,0.310265,0.441361,0.227994,0.691119,0.546396,0.578332,0.277821,1.0,1.0,1.0,0.999969,1.0,1.0,0.0,0.7088,0.584,1.0,634.74,0,,False,,27.01,6539.4,0.161064,0.4286,0.5398,0.0,1.0,0.7088
220,2026-03-26 15:43:01,0.299664,0,0.36,0.68506,-0.68506,BEAR,0.313497,0.441466,0.226858,0.584163,0.546786,0.366963,0.284784,1.0,1.0,1.0,0.999971,1.0,1.0,0.0,0.7092,0.5846,1.0,527.65,0,,False,,27.05,6539.12,0.124687,0.7143,0.6438,0.4286,1.0,0.7092
221,2026-03-26 15:43:42,0.393236,1,0.36,0.557149,0.557149,BULL,0.313494,0.441467,0.226889,0.698861,0.546787,0.578541,0.284585,1.0,1.0,1.0,0.99997,1.0,1.0,0.0,0.7101,0.5858,1.0,522.88,0,,False,,27.02,6539.63,0.161761,0.4286,0.5378,0.0,1.0,0.7101
222,2026-03-26 15:44:12,0.380159,1,0.36,0.565326,0.565326,BULL,0.310603,0.441375,0.228063,0.675858,0.546449,0.554317,0.27851,1.0,1.0,1.0,0.99997,1.0,1.0,0.0,0.7105,0.5865,1.0,505.73,0,,False,,27.04,6538.81,0.154681,0.4286,0.5581,0.0,1.0,0.7105
223,2026-03-26 15:44:53,0.389761,1,0.36,0.558879,0.558879,BULL,0.312779,0.441448,0.227308,0.691139,0.546719,0.578505,0.283425,1.0,1.0,1.0,0.999971,1.0,1.0,0.0,0.7097,0.5852,1.0,524.04,0,,False,,27.06,6537.3,0.160171,0.4286,0.5424,0.0,1.0,0.7097
224,2026-03-26 15:45:33,0.390991,1,0.36,0.56153,0.56153,BULL,0.316415,0.44154,0.226381,0.697371,0.54706,0.554681,0.290565,1.0,1.0,1.0,0.99997,1.0,1.0,0.0,0.7088,0.584,1.0,518.91,0,,False,,27.05,6537.35,0.157701,0.4286,0.5494,0.0,1.0,0.7088
225,2026-03-26 15:46:04,0.398178,1,0.36,0.550161,0.550161,BULL,0.316577,0.441544,0.226446,0.695038,0.547074,0.633934,0.29112,1.0,1.0,1.0,0.999971,1.0,1.0,0.0,0.7079,0.5828,1.0,574.7,0,,False,,27.07,6538.59,0.167499,0.4286,0.5214,0.0,1.0,0.7079
226,2026-03-26 15:46:35,0.387063,1,0.36,0.564575,0.564575,BULL,0.316483,0.441543,0.226356,0.689573,0.547068,0.548964,0.290756,1.0,1.0,1.0,0.999971,1.0,1.0,0.0,0.7101,0.5858,1.0,518.24,0,,False,,27.11,6536.3,0.155263,0.4286,0.5564,0.0,1.0,0.7101
227,2026-03-26 15:47:16,0.38777,1,0.36,0.560748,0.560748,BULL,0.313588,0.441472,0.226894,0.686054,0.546807,0.578552,0.285415,1.0,1.0,1.0,0.999967,0.999999,1.0,0.0,0.711,0.5871,1.0,537.28,0,,False,,26.89,6545.05,0.158763,0.4286,0.5464,0.0,1.0,0.711
228,2026-03-26 15:47:56,0.381179,1,0.36,0.56415,0.56415,BULL,0.309243,0.441321,0.228653,0.680402,0.546246,0.548589,0.275342,1.0,1.0,1.0,0.999967,0.999999,1.0,0.0,0.7097,0.5852,1.0,510.06,0,,False,,26.86,6544.25,0.15556,0.4286,0.5555,0.0,1.0,0.7097
229,2026-03-26 15:48:27,0.382849,1,0.36,0.565857,0.565857,BULL,0.318314,0.441579,0.226049,0.67154,0.547205,0.578761,0.294359,1.0,1.0,1.0,0.999968,0.999999,1.0,0.0,0.7097,0.5852,1.0,506.84,0,,False,,26.96,6540.73,0.154066,0.4286,0.5598,0.0,1.0,0.7097
230,2026-03-26 15:49:08,0.3437,0,0.36,0.655157,-0.655157,BEAR,0.314801,0.441503,0.22652,0.693788,0.546924,0.370595,0.287214,1.0,1.0,1.0,0.999967,0.999999,1.0,0.0,0.7101,0.5858,1.0,501.7,0,,False,,26.84,6541.54,0.151004,0.7143,0.5686,0.4286,1.0,0.7101
231,2026-03-26 15:49:38,0.281108,0,0.36,0.600332,-0.600332,BEAR,0.323492,0.441665,0.225797,0.452861,0.54752,0.556292,0.303414,1.0,1.0,1.0,0.999967,0.999999,1.0,0.0,0.7101,0.5858,1.0,509.95,0,,False,,26.83,6541.42,0.117033,0.5714,0.6656,0.1429,0.8175,0.7101
232,2026-03-26 15:50:19,0.38512,1,0.36,0.555889,0.555889,BULL,0.311615,0.441412,0.227496,0.670459,0.546585,0.623822,0.280871,1.0,1.0,1.0,0.999967,0.999999,1.0,0.0,0.7088,0.584,1.0,508.06,0,,False,,26.82,6542.66,0.162637,0.4286,0.5353,0.0,1.0,0.7088
233,2026-03-26 15:51:00,0.255432,0,0.36,0.662584,-0.662584,BEAR,0.312094,0.441427,0.227315,0.325122,0.546642,0.604429,0.281706,1.0,1.0,1.0,0.999967,0.999999,1.0,0.0,0.7097,0.5852,1.0,553.01,0,,False,,26.84,6543.36,0.131813,0.7143,0.6234,0.4286,0.9279,0.7097
234,2026-03-26 15:51:40,0.344552,0,0.36,0.654737,-0.654737,BEAR,0.309838,0.441346,0.228292,0.692258,0.546339,0.398437,0.27686,1.0,1.0,1.0,0.999966,0.999999,1.0,0.0,0.7092,0.5846,1.0,534.28,0,,False,,26.8,6541.94,0.15122,0.7143,0.5679,0.4286,1.0,0.7092
235,2026-03-26 15:52:11,0.293542,0,0.36,0.598573,-0.598573,BEAR,0.312558,0.441442,0.227067,0.459807,0.546697,0.623888,0.282767,1.0,1.0,1.0,0.999966,0.999999,1.0,0.0,0.7092,0.5846,1.0,521.85,0,,False,,26.76,6542.52,0.134678,0.5714,0.6152,0.1429,0.9104,0.7092
236,2026-03-26 15:52:52,0.341852,0,0.36,0.654838,-0.654838,BEAR,0.310444,0.441371,0.227938,0.690842,0.546434,0.37489,0.27853,1.0,1.0,1.0,0.999966,0.999999,1.0,0.0,0.7097,0.5852,1.0,597.47,0,,False,,26.76,6542.87,0.151207,0.7143,0.568,0.4286,1.0,0.7097
237,2026-03-26 15:53:22,0.380817,1,0.36,0.562807,0.562807,BULL,0.31273,0.441448,0.226939,0.667458,0.546717,0.591814,0.282826,1.0,1.0,1.0,0.999966,0.999999,1.0,0.0,0.711,0.5871,1.0,508.85,0,,False,,26.7,6544.86,0.156961,0.4286,0.5515,0.0,1.0,0.711
238,2026-03-26 15:54:03,0.37006,1,0.36,0.562512,0.562512,BULL,0.30845,0.441282,0.22902,0.637014,0.546102,0.623535,0.273637,1.0,1.0,1.0,0.999966,0.999999,1.0,0.0,0.7114,0.5877,1.0,531.84,0,,False,,26.73,6545.22,0.157294,0.4286,0.5506,0.0,1.0,0.7114
239,2026-03-26 15:54:34,0.369142,1,0.36,0.572465,0.572465,BULL,0.311521,0.441408,0.227212,0.650985,0.546571,0.548736,0.280268,1.0,1.0,1.0,0.999966,0.999999,1.0,0.0,0.7105,0.5865,1.0,505.11,0,,False,,26.7,6545.28,0.148435,0.4286,0.5759,0.0,1.0,0.7105
240,2026-03-26 15:55:14,0.328125,0,0.36,0.666008,-0.666008,BEAR,0.311297,0.4414,0.227063,0.654942,0.54654,0.382192,0.280332,1.0,1.0,1.0,0.999966,0.999999,1.0,0.0,0.7105,0.5865,1.0,572.61,0,,False,,26.73,6543.41,0.141584,0.7143,0.5955,0.4286,1.0,0.7105
241,2026-03-26 15:55:45,0.306401,0,0.36,0.679496,-0.679496,BEAR,0.310849,0.441383,0.227263,0.602829,0.546477,0.370325,0.278645,1.0,1.0,1.0,0.999967,0.999999,1.0,0.0,0.7097,0.5852,1.0,534.95,0,,False,,26.79,6543.73,0.129632,0.7143,0.6296,0.4286,1.0,0.7097
242,2026-03-26 15:56:26,0.378524,1,0.36,0.568026,0.568026,BULL,0.312748,0.441445,0.22662,0.674834,0.546706,0.538094,0.283501,1.0,1.0,1.0,0.999967,0.999999,1.0,0.0,0.7092,0.5846,1.0,508.29,0,,False,,26.8,6541.17,0.152092,0.4286,0.5655,0.0,1.0,0.7092
243,2026-03-26 15:57:06,0.258427,0,0.36,0.65498,-0.65498,BEAR,0.31595,0.441527,0.225955,0.378874,0.54701,0.543001,0.288682,1.0,1.0,1.0,0.999968,1.0,1.0,0.0,0.7092,0.5846,1.0,506.57,0,,False,,26.84,6540.17,0.115562,0.7143,0.6698,0.4286,0.7975,0.7092
244,2026-03-26 15:57:37,0.380078,1,0.36,0.564475,0.564475,BULL,0.312901,0.441448,0.2265,0.668895,0.54672,0.578505,0.283594,1.0,1.0,1.0,0.999968,0.999999,1.0,0.0,0.7105,0.5865,1.0,508.86,0,,False,,26.82,6539.71,0.155426,0.4286,0.5559,0.0,1.0,0.7105
245,2026-03-26 15:58:18,0.260146,0,0.36,0.655604,-0.655604,BEAR,0.308845,0.441295,0.22861,0.366993,0.546152,0.578201,0.273707,1.0,1.0,1.0,0.999968,0.999999,1.0,0.0,0.7088,0.584,1.0,549.78,0,,False,,26.82,6540.48,0.124839,0.7143,0.6433,0.4286,0.854,0.7088
246,2026-03-26 15:58:48,0.394153,1,0.36,0.552102,0.552102,BULL,0.313755,0.44147,0.226359,0.690289,0.546799,0.623948,0.285132,1.0,1.0,1.0,0.999967,0.999999,1.0,0.0,0.7097,0.5852,1.0,507.27,0,,False,,26.8,6541.19,0.166102,0.4286,0.5254,0.0,1.0,0.7097
247,2026-03-26 15:59:29,0.341118,0,0.36,0.656725,-0.656725,BEAR,0.315365,0.44151,0.225989,0.687691,0.546949,0.369192,0.28787,1.0,1.0,1.0,0.999969,1.0,1.0,0.0,0.7088,0.584,1.0,511.65,0,,False,,26.85,6540.46,0.149406,0.7143,0.5731,0.4286,1.0,0.7088
248,2026-03-26 16:00:10,0.390357,1,0.36,0.553528,0.553528,BULL,0.312395,0.441431,0.227024,0.682213,0.546654,0.623862,0.282646,1.0,1.0,1.0,0.999967,0.999999,1.0,0.0,0.7092,0.5846,1.0,502.89,0,,False,,26.81,6539.1,0.164779,0.4286,0.5292,0.0,1.0,0.7092
249,2026-03-26 16:00:40,0.354188,0,0.36,0.594857,-0.594857,BEAR,0.3102,0.441354,0.228135,0.69187,0.54637,0.498611,0.277264,1.0,1.0,1.0,0.999968,1.0,1.0,0.0,0.7097,0.5852,1.0,525.53,0,,False,,26.84,6540.24,0.153691,0.5714,0.5609,0.1429,1.0,0.7097
250,2026-03-26 16:01:22,0.249429,0,0.36,0.664772,-0.664772,BEAR,0.31127,0.441393,0.227618,0.314717,0.546515,0.586157,0.279865,1.0,1.0,1.0,0.999969,1.0,1.0,0.0,0.711,0.5871,1.0,521.08,0,,False,,26.87,6540.69,0.128679,0.7143,0.6323,0.4286,0.9196,0.711
251,2026-03-26 16:01:52,0.246253,0,0.36,0.66439,-0.66439,BEAR,0.313508,0.441463,0.226645,0.323428,0.546773,0.554511,0.284555,1.0,1.0,1.0,0.999968,1.0,1.0,0.0,0.7101,0.5858,1.0,504.48,0,,False,,26.84,6541.02,0.120806,0.7143,0.6548,0.4286,0.8736,0.7101
252,2026-03-26 16:02:33,0.380078,1,0.36,0.565967,0.565967,BULL,0.310569,0.441366,0.227707,0.678307,0.546416,0.54395,0.27846,1.0,1.0,1.0,0.999969,1.0,1.0,0.0,0.711,0.5871,1.0,507.3,0,,False,,26.87,6539.89,0.154195,0.4286,0.5594,0.0,1.0,0.711
253,2026-03-26 16:03:34,0.204603,0,0.36,0.756114,-0.756114,BEAR,0.308534,0.441277,0.229103,0.287592,0.546084,0.397562,0.273474,1.0,1.0,1.0,0.999969,1.0,1.0,0.0,0.711,0.5871,1.0,520.14,0,,False,,26.92,6539.77,0.103487,0.8571,0.7043,0.7143,0.9467,0.711
254,2026-03-26 16:04:14,0.265595,0,0.36,0.647423,-0.647423,BEAR,0.307813,0.441237,0.229548,0.407631,0.545935,0.554003,0.271771,1.0,1.0,1.0,0.99997,1.0,1.0,0.0,0.7114,0.5877,1.0,707.64,0,,False,,26.94,6538.09,0.11983,0.7143,0.6576,0.4286,0.7819,0.7114
255,2026-03-26 16:04:45,0.296009,0,0.36,0.687186,-0.687186,BEAR,0.309413,0.441318,0.228358,0.573495,0.546235,0.382005,0.275607,1.0,1.0,1.0,0.999969,1.0,1.0,0.0,0.7118,0.5883,1.0,504.09,0,,False,,26.93,6538.11,0.12328,0.7143,0.6478,0.4286,1.0,0.7118
256,2026-03-26 16:05:26,0.371192,1,0.36,0.562051,0.562051,BULL,0.308581,0.441278,0.228977,0.639658,0.546089,0.623527,0.273595,1.0,1.0,1.0,0.999968,1.0,1.0,0.0,0.7118,0.5883,1.0,494.11,0,,False,,26.9,6538.18,0.157773,0.4286,0.5492,0.0,1.0,0.7118
257,2026-03-26 16:06:07,0.2188,0,0.36,0.739544,-0.739544,BEAR,0.311063,0.441386,0.227511,0.341923,0.546487,0.427875,0.279619,1.0,1.0,1.0,0.99997,1.0,1.0,0.0,0.7122,0.5889,1.0,541.79,0,,False,,26.97,6536.9,0.101628,0.8571,0.7096,0.7143,0.8519,0.7122
258,2026-03-26 16:06:47,0.349493,0,0.36,0.603679,-0.603679,BEAR,0.307147,0.441198,0.230433,0.587271,0.545792,0.6054,0.270051,1.0,1.0,1.0,0.999968,1.0,1.0,0.0,0.7105,0.5865,1.0,554.64,0,,False,,26.92,6537.85,0.146122,0.5714,0.5825,0.1429,1.0,0.7105
259,2026-03-26 16:07:18,0.387464,1,0.36,0.555444,0.555444,BULL,0.313255,0.441457,0.227021,0.673831,0.546751,0.62818,0.284536,1.0,1.0,1.0,0.999968,0.999999,1.0,0.0,0.711,0.5871,1.0,510.68,0,,False,,26.91,6537.2,0.163403,0.4286,0.5331,0.0,1.0,0.711
260,2026-03-26 16:07:59,0.379527,1,0.36,0.566948,0.566948,BULL,0.312601,0.441438,0.22737,0.674443,0.546682,0.548787,0.283113,1.0,1.0,1.0,0.999967,0.999999,1.0,0.0,0.7092,0.5846,1.0,544.41,0,,False,,26.86,6539.11,0.153036,0.4286,0.5628,0.0,1.0,0.7092
261,2026-03-26 16:08:29,0.389116,1,0.36,0.56752,0.56752,BULL,0.323324,0.441659,0.226168,0.689497,0.5475,0.549164,0.303568,1.0,1.0,1.0,0.999967,0.999999,1.0,0.0,0.7114,0.5877,1.0,512.41,0,,False,,26.88,6539.47,0.152912,0.4286,0.5631,0.0,1.0,0.7114
262,2026-03-26 16:09:10,0.385939,1,0.36,0.563626,0.563626,BULL,0.31347,0.441465,0.227014,0.687518,0.546783,0.554517,0.285154,1.0,1.0,1.0,0.999966,0.999999,1.0,0.0,0.7114,0.5877,1.0,600.54,0,,False,,26.81,6541.58,0.15632,0.4286,0.5534,0.0,1.0,0.7114
263,2026-03-26 16:09:41,0.250093,0,0.36,0.665374,-0.665374,BEAR,0.323279,0.44166,0.225846,0.32566,0.547502,0.560263,0.303507,1.0,1.0,1.0,0.999967,0.999999,1.0,0.0,0.7114,0.5877,1.0,518.2,0,,False,,26.84,6541.31,0.119214,0.7143,0.6594,0.4286,0.8681,0.7114
264,2026-03-26 16:10:21,0.333947,0,0.36,0.610784,-0.610784,BEAR,0.322226,0.441644,0.225804,0.558541,0.547445,0.549139,0.301864,1.0,1.0,1.0,0.999967,0.999999,1.0,0.0,0.7114,0.5877,1.0,604.09,0,,False,,26.85,6539.94,0.127505,0.5714,0.6357,0.1429,0.9283,0.7114
265,2026-03-26 16:10:52,0.306526,0,0.36,0.689767,-0.689767,BEAR,0.329049,0.441734,0.22617,0.587623,0.547776,0.382939,0.313111,1.0,1.0,1.0,0.999966,0.999999,1.0,0.0,0.7092,0.5846,1.0,520.63,0,,False,,26.83,6540.73,0.120569,0.7143,0.6555,0.4286,1.0,0.7092
266,2026-03-26 16:11:33,0.254403,0,0.36,0.659047,-0.659047,BEAR,0.322702,0.441652,0.225918,0.362006,0.547472,0.522614,0.302509,1.0,1.0,1.0,0.999968,0.999999,1.0,0.0,0.7097,0.5852,1.0,517.09,0,,False,,26.89,6538.76,0.110155,0.7143,0.6853,0.4286,0.7865,0.7097
267,2026-03-26 16:12:03,0.276072,0,0.36,0.656727,-0.656727,BEAR,0.330301,0.441748,0.225951,0.365633,0.54783,0.637356,0.315004,1.0,1.0,1.0,0.999969,1.0,1.0,0.0,0.7105,0.5865,1.0,500.3,0,,False,,26.93,6537.57,0.132508,0.7143,0.6214,0.4286,0.9017,0.7105
268,2026-03-26 16:12:44,0.369497,1,0.36,0.582387,0.582387,BULL,0.336249,0.441805,0.226524,0.627626,0.548041,0.579192,0.324278,1.0,1.0,1.0,0.99997,1.0,1.0,0.0,0.7084,0.5834,1.0,576.05,0,,False,,26.98,6535.89,0.139376,0.4286,0.6018,0.0,1.0,0.7084
269,2026-03-26 16:13:15,0.371113,1,0.36,0.584855,0.584855,BULL,0.342598,0.441856,0.227237,0.626297,0.54823,0.58213,0.333432,1.0,1.0,1.0,0.99997,1.0,1.0,0.0,0.711,0.5871,1.0,511.96,0,,False,,26.97,6536.93,0.137669,0.4286,0.6067,0.0,1.0,0.711
270,2026-03-26 16:13:55,0.233787,0,0.36,0.742172,-0.742172,BEAR,0.347426,0.44189,0.227961,0.384693,0.548354,0.391168,0.34028,1.0,1.0,1.0,0.99997,1.0,1.0,0.0,0.711,0.5871,1.0,563.41,0,,False,,27.0,6537.48,0.091031,0.8571,0.7399,0.7143,0.8058,0.711
271,2026-03-26 16:14:26,0.376571,1,0.36,0.576486,0.576486,BULL,0.331026,0.441756,0.226126,0.648026,0.547859,0.5791,0.315716,1.0,1.0,1.0,0.999968,0.999999,1.0,0.0,0.7114,0.5877,1.0,620.15,0,,False,,26.89,6536.1,0.145067,0.4286,0.5855,0.0,1.0,0.7114
272,2026-03-26 16:15:07,0.232813,0,0.36,0.738366,-0.738366,BEAR,0.332289,0.441769,0.226283,0.393023,0.547908,0.399401,0.317947,1.0,1.0,1.0,0.999967,0.999999,1.0,0.0,0.711,0.5871,1.0,503.38,0,,False,,26.84,6539.34,0.094347,0.8571,0.7304,0.7143,0.8057,0.711
273,2026-03-26 16:15:47,0.209406,0,0.36,0.759061,-0.759061,BEAR,0.321114,0.44163,0.225879,0.303656,0.547391,0.382709,0.299237,1.0,1.0,1.0,0.999968,0.999999,1.0,0.0,0.711,0.5871,1.0,518.2,0,,False,,26.89,6537.64,0.099039,0.8571,0.717,0.7143,0.936,0.711
274,2026-03-26 16:16:28,0.226355,0,0.36,0.73728,-0.73728,BEAR,0.334408,0.44179,0.226461,0.350549,0.547985,0.434807,0.321069,1.0,1.0,1.0,0.999968,1.0,1.0,0.0,0.7118,0.5883,1.0,509.12,0,,False,,26.91,6537.29,0.096387,0.8571,0.7246,0.7143,0.8111,0.7118
275,2026-03-26 16:16:59,0.372319,1,0.36,0.571757,0.571757,BULL,0.318113,0.441577,0.226006,0.647041,0.547197,0.578757,0.293835,1.0,1.0,1.0,0.999972,1.0,1.0,0.0,0.7105,0.5865,1.0,524.33,0,,False,,27.09,6531.6,0.149054,0.4286,0.5741,0.0,1.0,0.7105
276,2026-03-26 16:17:40,0.271958,0,0.36,0.595649,-0.595649,BEAR,0.316706,0.441549,0.226143,0.431574,0.547092,0.544234,0.291155,1.0,1.0,1.0,0.999972,1.0,1.0,0.0,0.711,0.5871,1.0,508.5,0,,False,,27.22,6531.27,0.115989,0.5714,0.6686,0.1429,0.7872,0.711
277,2026-03-26 16:18:20,0.390519,1,0.36,0.560395,0.560395,BULL,0.3136,0.441475,0.227056,0.698068,0.546818,0.554538,0.284991,1.0,1.0,1.0,0.999971,1.0,1.0,0.0,0.7092,0.5846,1.0,508.0,0,,False,,27.18,6525.98,0.158769,0.4286,0.5464,0.0,1.0,0.7092
278,2026-03-26 16:19:01,0.399713,1,0.36,0.553572,0.553572,BULL,0.321127,0.44163,0.22665,0.697577,0.547393,0.624293,0.299059,1.0,1.0,1.0,0.999969,1.0,1.0,0.0,0.7105,0.5865,1.0,530.16,0,,False,,27.0,6530.32,0.164966,0.4286,0.5287,0.0,1.0,0.7105
279,2026-03-26 16:19:42,0.397448,1,0.36,0.550636,0.550636,BULL,0.312923,0.441455,0.227933,0.697772,0.546744,0.623916,0.283592,1.0,1.0,1.0,0.999969,1.0,1.0,0.0,0.7114,0.5877,1.0,531.08,0,,False,,26.99,6533.8,0.167686,0.4286,0.5209,0.0,1.0,0.7114
280,2026-03-26 16:20:13,0.346855,0,0.36,0.655479,-0.655479,BEAR,0.313701,0.441477,0.227804,0.695102,0.546826,0.398738,0.284936,1.0,1.0,1.0,0.999969,1.0,1.0,0.0,0.7101,0.5858,1.0,625.99,0,,False,,27.01,6533.06,0.150722,0.7143,0.5694,0.4286,1.0,0.7101
281,2026-03-26 16:20:54,0.237833,0,0.36,0.683446,-0.683446,BEAR,0.312929,0.441456,0.228403,0.43882,0.546746,0.382319,0.283682,1.0,1.0,1.0,0.99997,1.0,1.0,0.0,0.711,0.5871,1.0,509.19,0,,False,,27.09,6533.17,0.101214,0.7143,0.7108,0.4286,0.8561,0.711
282,2026-03-26 16:21:35,0.347877,0,0.36,0.655062,-0.655062,BEAR,0.31417,0.44149,0.228198,0.697473,0.546874,0.397023,0.285819,1.0,1.0,1.0,0.99997,1.0,1.0,0.0,0.7105,0.5865,1.0,519.81,0,,False,,27.11,6530.71,0.151163,0.7143,0.5681,0.4286,1.0,0.7105
283,2026-03-26 16:22:15,0.245955,0,0.36,0.66517,-0.66517,BEAR,0.317467,0.441565,0.227695,0.321525,0.547151,0.549002,0.292403,1.0,1.0,1.0,0.99997,1.0,1.0,0.0,0.7101,0.5858,1.0,501.56,0,,False,,27.16,6530.91,0.118501,0.7143,0.6614,0.4286,0.8643,0.7101
284,2026-03-26 16:22:56,0.26872,0,0.36,0.655277,-0.655277,BEAR,0.310789,0.441386,0.229628,0.364355,0.546489,0.623765,0.278144,1.0,1.0,1.0,0.999971,1.0,1.0,0.0,0.711,0.5871,1.0,548.0,0,,False,,27.22,6528.27,0.134347,0.7143,0.6162,0.4286,0.9046,0.711
285,2026-03-26 16:23:27,0.386785,1,0.36,0.570489,0.570489,BULL,0.326155,0.441703,0.228181,0.679926,0.547661,0.555029,0.307814,1.0,1.0,1.0,0.999971,1.0,1.0,0.0,0.7101,0.5858,1.0,513.53,0,,False,,27.27,6525.11,0.150088,0.4286,0.5712,0.0,1.0,0.7101
286,2026-03-26 16:24:07,0.395732,1,0.36,0.550899,0.550899,BULL,0.311013,0.441395,0.229973,0.694468,0.546521,0.623784,0.278867,1.0,1.0,1.0,0.999971,1.0,1.0,0.0,0.7114,0.5877,1.0,515.48,0,,False,,27.27,6524.22,0.167455,0.4286,0.5216,0.0,1.0,0.7114
287,2026-03-26 16:24:38,0.39433,1,0.36,0.558611,0.558611,BULL,0.315521,0.441523,0.228876,0.698959,0.546994,0.578651,0.288775,1.0,1.0,1.0,0.99997,1.0,1.0,0.0,0.711,0.5871,1.0,512.11,0,,False,,27.25,6526.32,0.160632,0.4286,0.5411,0.0,1.0,0.711
288,2026-03-26 16:25:19,0.391846,1,0.36,0.551019,0.551019,BULL,0.307441,0.44123,0.232435,0.687332,0.545909,0.623419,0.270404,1.0,1.0,1.0,0.999969,1.0,1.0,0.0,0.7097,0.5852,1.0,510.11,0,,False,,27.15,6527.88,0.16705,0.4286,0.5227,0.0,1.0,0.7097
289,2026-03-26 16:25:59,0.33485,0,0.36,0.662107,-0.662107,BEAR,0.311585,0.441415,0.230108,0.670419,0.546594,0.380696,0.280928,1.0,1.0,1.0,0.99997,1.0,1.0,0.0,0.7101,0.5858,1.0,595.96,0,,False,,27.23,6526.85,0.144923,0.7143,0.5859,0.4286,1.0,0.7101
290,2026-03-26 16:26:30,0.383618,1,0.36,0.562885,0.562885,BULL,0.307934,0.441259,0.23247,0.684205,0.54602,0.554055,0.271678,1.0,1.0,1.0,0.999971,1.0,1.0,0.0,0.7114,0.5877,1.0,607.45,0,,False,,27.3,6524.09,0.156968,0.4286,0.5515,0.0,1.0,0.7114
291,2026-03-26 16:27:11,0.343129,0,0.36,0.65494,-0.65494,BEAR,0.30941,0.441333,0.231795,0.692984,0.546291,0.375177,0.27609,1.0,1.0,1.0,0.999971,1.0,1.0,0.0,0.7118,0.5883,1.0,528.5,0,,False,,27.34,6521.61,0.151495,0.7143,0.5672,0.4286,1.0,0.7118
292,2026-03-26 16:27:51,0.378729,1,0.36,0.565744,0.565744,BULL,0.306297,0.441152,0.234584,0.674563,0.54562,0.548309,0.267512,1.0,1.0,1.0,0.999971,1.0,1.0,0.0,0.7118,0.5883,1.0,513.43,0,,False,,27.41,6521.74,0.154542,0.4286,0.5585,0.0,1.0,0.7118
293,2026-03-26 16:28:22,0.392514,1,0.36,0.554823,0.554823,BULL,0.306966,0.4412,0.233616,0.697929,0.545801,0.584239,0.269751,1.0,1.0,1.0,0.99997,1.0,1.0,0.0,0.7101,0.5858,1.0,508.24,0,,False,,27.35,6521.58,0.163796,0.4286,0.532,0.0,1.0,0.7101
294,2026-03-26 16:29:03,0.380301,1,0.36,0.564767,0.564767,BULL,0.306181,0.441143,0.23458,0.681885,0.545589,0.533421,0.266967,1.0,1.0,1.0,0.999971,1.0,1.0,0.0,0.7084,0.5834,1.0,518.85,0,,False,,27.4,6521.51,0.154793,0.4286,0.5577,0.0,1.0,0.7084
295,2026-03-26 16:29:43,0.389801,1,0.36,0.55676,0.55676,BULL,0.305716,0.441104,0.235379,0.694254,0.545442,0.574554,0.266194,1.0,1.0,1.0,0.999971,1.0,1.0,0.0,0.7101,0.5858,1.0,548.65,0,,False,,27.45,6519.68,0.162101,0.4286,0.5369,0.0,1.0,0.7101
296,2026-03-26 16:30:14,0.342523,0,0.36,0.657717,-0.657717,BEAR,0.305725,0.441104,0.235338,0.680824,0.545442,0.427258,0.266043,1.0,1.0,1.0,0.999971,1.0,1.0,0.0,0.7101,0.5858,1.0,513.39,0,,False,,27.45,6519.81,0.148764,0.7143,0.575,0.4286,1.0,0.7101
297,2026-03-26 16:30:55,0.386969,1,0.36,0.558041,0.558041,BULL,0.305731,0.441104,0.235356,0.686953,0.545443,0.577816,0.265948,1.0,1.0,1.0,0.999971,1.0,1.0,0.0,0.7097,0.5852,1.0,510.68,0,,False,,27.48,6519.53,0.160905,0.4286,0.5403,0.0,1.0,0.7097
298,2026-03-26 16:31:35,0.387293,1,0.36,0.55815,0.55815,BULL,0.306149,0.441143,0.234789,0.687529,0.545587,0.577895,0.267436,1.0,1.0,1.0,0.999971,1.0,1.0,0.0,0.7101,0.5858,1.0,522.55,0,,False,,27.51,6518.62,0.160885,0.4286,0.5403,0.0,1.0,0.7101
299,2026-03-26 16:32:06,0.384496,1,0.36,0.561689,0.561689,BULL,0.305828,0.441118,0.235244,0.686784,0.545494,0.55373,0.26677,1.0,1.0,1.0,0.999971,1.0,1.0,0.0,0.711,0.5871,1.0,535.92,0,,False,,27.55,6518.5,0.157939,0.4286,0.5487,0.0,1.0,0.711
300,2026-03-26 16:32:47,0.38743,1,0.36,0.552575,0.552575,BULL,0.306487,0.441172,0.234254,0.675776,0.545697,0.628603,0.26858,1.0,1.0,1.0,0.999971,1.0,1.0,0.0,0.7088,0.584,1.0,520.71,0,,False,,27.6,6517.2,0.165536,0.4286,0.527,0.0,1.0,0.7088
301,2026-03-26 16:33:27,0.395127,1,0.36,0.549116,0.549116,BULL,0.306015,0.441136,0.234866,0.694987,0.545562,0.623209,0.267298,1.0,1.0,1.0,0.99997,1.0,1.0,0.0,0.7101,0.5858,1.0,510.19,0,,False,,27.57,6515.91,0.16879,0.4286,0.5177,0.0,1.0,0.7101
302,2026-03-26 16:33:58,0.397366,1,0.36,0.546979,0.546979,BULL,0.306559,0.44118,0.234158,0.697561,0.545726,0.633399,0.268895,1.0,1.0,1.0,0.999969,1.0,1.0,0.0,0.7105,0.5865,1.0,542.32,0,,False,,27.5,6516.45,0.170735,0.4286,0.5122,0.0,1.0,0.7105
303,2026-03-26 16:34:39,0.383665,1,0.36,0.559865,0.559865,BULL,0.306449,0.441173,0.234063,0.677707,0.5457,0.583727,0.268789,1.0,1.0,1.0,0.99997,1.0,1.0,0.0,0.7101,0.5858,1.0,519.63,0,,False,,27.53,6516.24,0.159384,0.4286,0.5446,0.0,1.0,0.7101
304,2026-03-26 16:35:09,0.389927,1,0.36,0.559302,0.559302,BULL,0.307339,0.441234,0.233038,0.700255,0.545927,0.548446,0.271375,1.0,1.0,1.0,0.999969,1.0,1.0,0.0,0.7114,0.5877,1.0,506.57,0,,False,,27.47,6519.34,0.160103,0.4286,0.5426,0.0,1.0,0.7114
305,2026-03-26 16:35:50,0.389597,1,0.36,0.557011,0.557011,BULL,0.306669,0.441188,0.233591,0.692856,0.545755,0.577987,0.269444,1.0,1.0,1.0,0.999968,0.999999,1.0,0.0,0.7105,0.5865,1.0,628.54,0,,False,,27.42,6518.98,0.161957,0.4286,0.5373,0.0,1.0,0.7105
306,2026-03-26 16:36:20,0.5,0,0.36,0.0,0.0,SUPPRESSED,0.5,0.5,0.5,0.5,0.5,0.5,0.5,0.0,0.0,0.0,0.0,0.0,0.0,0.0,0.3,0.0,1.0,5.76,0,,True,no_snapshot_data,27.46,6520.85,0.0,0.0,0.0,0.0,0.0,0.0
307,2026-03-26 16:37:01,0.397611,1,0.36,0.548385,0.548385,BULL,0.3072,0.441224,0.23307,0.700401,0.545887,0.623406,0.270838,1.0,1.0,1.0,0.999969,1.0,1.0,0.0,0.7114,0.5877,1.0,506.6,0,,False,,27.48,6519.65,0.169655,0.4286,0.5153,0.0,1.0,0.7114
307,2026-03-26 16:38:46,0.397563,1,0.36,0.548804,0.548804,BULL,0.305663,0.441114,0.234816,0.700242,0.54548,0.623159,0.271719,1.0,1.0,1.0,0.999968,0.999999,1.0,0.0,0.7114,0.5877,1.0,1508.05,0,,False,,27.48,6519.65,0.169289,0.4286,0.5163,0.0,1.0,0.7114
307,2026-03-26 17:09:39,0.397563,1,0.36,0.548804,0.548804,BULL,0.305663,0.441114,0.234816,0.700242,0.54548,0.623159,0.271719,1.0,1.0,1.0,0.999968,0.999999,1.0,0.0,0.7114,0.5877,1.0,1491.91,0,,False,,27.48,6519.65,0.169289,0.4286,0.5163,0.0,1.0,0.7114
